Модель,Марка,Тип авто,2АТМ,Тип в прайсе и фильтре,Исключение
AC Cars,Ace,кабриолет,кабриолет,легковой,
AC Cars,Aceca,купе,купе,легковой,
AC Cars,Cobra,кабриолет,кабриолет,легковой,
AC Cars,MAMBA,купе,купе,легковой,
ARO,10,внедорожник,внедорожник,внедорожник,
ARO,24,внедорожник,внедорожник,внедорожник,
ARO,Spartana,внедорожник,внедорожник,внедорожник,
Acura,CL,купе,купе,легковой,
Acura,EL,седан,седан,легковой,
Acura,ILX,седан,седан,легковой,
Acura,Integra,купе,купе,легковой,
Acura,Legend,седан,седан,легковой,
Acura,MDX,внедорожник,внедорожник,внедорожник,
Acura,NSX,купе,купе,легковой,
Acura,RDX,внедорожник,внедорожник,внедорожник,
Acura,RL,седан,седан,легковой,
Acura,RSX,купе,купе,легковой,
Acura,SLX,внедорожник,внедорожник,внедорожник,
Acura,TL,седан,седан,легковой,
Acura,TLX,седан,седан,легковой,
Acura,TSX,седан,седан,легковой,
Acura,Vigor,седан,седан,легковой,
Acura,ZDX,кроссовер,кроссовер,кроссовер,
Alfa Romeo,145,хэтчбек,хэтчбэк,легковой,
Alfa Romeo,146,хэтчбек,хэтчбэк,легковой,
Alfa Romeo,147,хэтчбек,хэтчбэк,легковой,
Alfa Romeo,155,седан,седан,легковой,
Alfa Romeo,156,универсал,универсал,легковой,
Alfa Romeo,159,седан,седан,легковой,
Alfa Romeo,164,седан,седан,легковой,
Alfa Romeo,166,седан,седан,легковой,
Alfa Romeo,33,универсал,универсал,легковой,
Alfa Romeo,4C,купе,купе,легковой,
Alfa Romeo,75,седан,седан,легковой,
Alfa Romeo,90,седан,седан,легковой,
Alfa Romeo,Alfetta,седан,седан,легковой,
Alfa Romeo,Brera,купе,купе,легковой,
Alfa Romeo,GT,купе,купе,легковой,
Alfa Romeo,GTV,купе,купе,легковой,
Alfa Romeo,Giulia,седан,седан,легковой,
Alfa Romeo,Giulietta,хэтчбек,хэтчбэк,легковой,
Alfa Romeo,MiTo,хэтчбек,хэтчбэк,легковой,
Alfa Romeo,Spider,кабриолет,кабриолет,легковой,
Alfa Romeo,Sprint,купе,купе,легковой,
Alfa Romeo,Stelvio,кроссовер,кроссовер,кроссовер,
Alpina,BMW B10,седан,седан,легковой,
Alpina,BMW B12,седан,седан,легковой,
Alpina,BMW B3,седан,седан,легковой,
Alpina,BMW B5,седан,седан,легковой,
Alpina,BMW B6,кабриолет,кабриолет,легковой,
Alpina,BMW B7,седан,седан,легковой,
Alpina,BMW B8,купе,купе,легковой,
Alpina,BMW D10,седан,седан,легковой,
Alpina,BMW Roadster,кабриолет,кабриолет,легковой,
Asia,Retona,внедорожник,внедорожник,внедорожник,
Asia,Rocsta,внедорожник,внедорожник,внедорожник,
Aston Martin,Cygnet,хэтчбек,хэтчбэк,легковой,
Aston Martin,DB11,купе,купе,легковой,
Aston Martin,DB6,купе,купе,легковой,
Aston Martin,DB7,купе,купе,легковой,
Aston Martin,DB7 Zagato,купе,купе,легковой,
Aston Martin,DB9,кабриолет,кабриолет,легковой,
Aston Martin,DBS,кабриолет,кабриолет,легковой,
Aston Martin,Lagonda,седан,седан,легковой,
Aston Martin,Rapide,хэтчбек,хэтчбэк,легковой,
Aston Martin,V12 Vantage,купе,купе,легковой,
Aston Martin,V8,купе,купе,легковой,
Aston Martin,V8 Vantage,купе,купе,легковой,
Aston Martin,V8 Zagato,купе,купе,легковой,
Aston Martin,Vanquish,кабриолет,кабриолет,легковой,
Aston Martin,Virage,кабриолет,кабриолет,легковой,
Audi,100,седан,седан,легковой,
Audi,200,универсал,универсал,легковой,
Audi,50,хэтчбек,хэтчбэк,легковой,
Audi,80,седан,седан,легковой,
Audi,90,седан,седан,легковой,
Audi,A1,хэтчбек,хэтчбэк,легковой,
Audi,A2,хэтчбек,хэтчбэк,легковой,
Audi,A3,кабриолет,кабриолет,легковой,
Audi,A4,универсал,универсал,легковой,
Audi,A5,кабриолет,кабриолет,легковой,
Audi,A6,седан,седан,легковой,
Audi,A7,лифтбек,лифтбек,легковой,
Audi,A8,седан,седан,легковой,
Audi,Allroad,универсал,универсал,легковой,
Audi,Cabriolet,кабриолет,кабриолет,легковой,
Audi,Coupe,купе,купе,легковой,
Audi,E-tron,внедорожник,внедорожник,внедорожник,
Audi,Le Mans,купе,купе,легковой,
Audi,Pikes Peak,внедорожник,внедорожник,внедорожник,
Audi,Q2,кроссовер,кроссовер,кроссовер,
Audi,Q3,кроссовер,кроссовер,кроссовер,
Audi,Q5,внедорожник,внедорожник,внедорожник,
Audi,Q7,внедорожник,внедорожник,внедорожник,
Audi,Q8,кроссовер,кроссовер,кроссовер,
Audi,Quattro,купе,купе,легковой,
Audi,R8,кабриолет,кабриолет,легковой,
Audi,RS Q3,кроссовер,кроссовер,кроссовер,
Audi,RS2,универсал,универсал,легковой,
Audi,RS3,седан,седан,легковой,
Audi,RS4,универсал,универсал,легковой,
Audi,RS5,купе,купе,легковой,
Audi,RS6,универсал,универсал,легковой,
Audi,RS7,хэтчбек,хэтчбэк,легковой,
Audi,S1,хэтчбек,хэтчбэк,легковой,
Audi,S2,седан,седан,легковой,
Audi,S3,кабриолет,кабриолет,легковой,
Audi,S4,седан,седан,легковой,
Audi,S5,кабриолет,кабриолет,легковой,
Audi,S6,седан,седан,легковой,
Audi,S7,хэтчбек,хэтчбэк,легковой,
Audi,S8,седан,седан,легковой,
Audi,SQ5,кроссовер,кроссовер,кроссовер,
Audi,TT,кабриолет,кабриолет,легковой,
Audi,V8,седан,седан,легковой,
Aurus,Senat,седан,седан,легковой,
BMW,1-серия,хэтчбек,хэтчбэк,легковой,
BMW,2 серия,минивэн,минивэн,легковой,
BMW,3-серия,седан,седан,легковой,
BMW,4-серия,кабриолет,кабриолет,легковой,
BMW,5-серия,седан,седан,легковой,
BMW,6-серия,кабриолет,кабриолет,легковой,
BMW,7-серия,седан,седан,легковой,
BMW,8-серия,купе,купе,легковой,
BMW,Gran Turismo,лифтбек,лифтбек,легковой,
BMW,M Coupe,купе,купе,легковой,
BMW,M Roadster,кабриолет,кабриолет,легковой,
BMW,M1,купе,купе,легковой,
BMW,M2,купе,купе,легковой,
BMW,M3,седан,седан,легковой,
BMW,M4,кабриолет,кабриолет,легковой,
BMW,M5,седан,седан,легковой,
BMW,M6,кабриолет,кабриолет,легковой,
BMW,X1,кроссовер,кроссовер,кроссовер,
BMW,X2,кроссовер,кроссовер,кроссовер,
BMW,X3,внедорожник,внедорожник,внедорожник,
BMW,X4,кроссовер,кроссовер,кроссовер,
BMW,X5,внедорожник,внедорожник,внедорожник,
BMW,X6,внедорожник,внедорожник,внедорожник,
BMW,X7,внедорожник,внедорожник,внедорожник,
BMW,Z1,кабриолет,кабриолет,легковой,
BMW,Z3,купе,купе,легковой,
BMW,Z4,родстер,родстер,легковой,
BMW,Z8,кабриолет,кабриолет,легковой,
BMW,i3,хэтчбек,хэтчбэк,легковой,
BMW,i8,купе,купе,легковой,
BYD,F0,хэтчбек,хэтчбэк,легковой,
BYD,F3,седан,седан,легковой,
BYD,F6,седан,седан,легковой,
BYD,Flyer,хэтчбек,хэтчбэк,легковой,
Beijing,BJ 2021 M6 Cherokee,внедорожник,внедорожник,внедорожник,
Bentley,Arnage,седан,седан,легковой,
Bentley,Azure,кабриолет,кабриолет,легковой,
Bentley,Bentayga,внедорожник,внедорожник,внедорожник,
Bentley,Brooklands,седан,седан,легковой,
Bentley,Continental,купе,купе,легковой,
Bentley,Continental Flying Spur,седан,седан,легковой,
Bentley,Continental GT,купе,купе,легковой,
Bentley,Continental GTC,кабриолет,кабриолет,легковой,
Bentley,Mulsanne,седан,седан,легковой,
Brilliance,BS3,купе,купе,легковой,
Brilliance,BS4,седан,седан,легковой,
Brilliance,BS6,седан,седан,легковой,
Brilliance,Cross,кроссовер,кроссовер,кроссовер,
Brilliance,FRV,хэтчбек,хэтчбэк,легковой,
Brilliance,FSV,седан,седан,легковой,
Brilliance,H220,хэтчбек,хэтчбэк,легковой,
Brilliance,H230,седан,седан,легковой,
Brilliance,H320,хэтчбек,хэтчбэк,легковой,
Brilliance,H330,седан,седан,легковой,
Brilliance,H530,седан,седан,легковой,
Brilliance,M1,седан,седан,легковой,
Brilliance,M2,седан,седан,легковой,
Brilliance,M3,купе,купе,легковой,
Brilliance,V5,кроссовер,кроссовер,кроссовер,
Bristol,Blenheim,купе,купе,легковой,
Bugatti,Chiron,купе,купе,легковой,
Bugatti,EB 110,купе,купе,легковой,
Bugatti,EB 112,седан,седан,легковой,
Bugatti,Veyron,купе,купе,легковой,
Buick,Century,седан,седан,легковой,
Buick,Enclave,внедорожник,внедорожник,внедорожник,
Buick,Le Sabre,седан,седан,легковой,
Buick,Park Avenue,седан,седан,легковой,
Buick,Rainier,внедорожник,внедорожник,внедорожник,
Buick,Reatta,кабриолет,кабриолет,легковой,
Buick,Regal,седан,седан,легковой,
Buick,Rendezvous,внедорожник,внедорожник,внедорожник,
Buick,Riviera,купе,купе,легковой,
Buick,Roadmaster,седан,седан,легковой,
Buick,Skylark,седан,седан,легковой,
Cadillac,ATS,седан,седан,легковой,
Cadillac,Allante,кабриолет,кабриолет,легковой,
Cadillac,BLS,универсал,универсал,легковой,
Cadillac,Brougham,седан,седан,легковой,
Cadillac,CT6,седан,седан,легковой,
Cadillac,CTS,седан,седан,легковой,
Cadillac,CTS-V,седан,седан,легковой,
Cadillac,Catera,седан,седан,легковой,
Cadillac,De Ville,седан,седан,легковой,
Cadillac,Eldorado,купе,купе,легковой,
Cadillac,Escalade,внедорожник,внедорожник,внедорожник,
Cadillac,Fleetwood,седан,седан,легковой,
Cadillac,SRX,внедорожник,внедорожник,внедорожник,
Cadillac,ST6,седан,седан,легковой,
Cadillac,STS,седан,седан,легковой,
Cadillac,Seville,седан,седан,легковой,
Cadillac,XLR,кабриолет,кабриолет,легковой,
Cadillac,XT4,кроссовер,кроссовер,кроссовер,
Cadillac,XT5,внедорожник,внедорожник,внедорожник,
Cadillac,XTS,седан,седан,легковой,
Caterham,21,родстер,родстер,легковой,
Caterham,Super 7,кабриолет,кабриолет,легковой,
Chance,Chance,седан,седан,легковой,
Changan,CS35,кроссовер,кроссовер,кроссовер,
Changan,CS75,внедорожник,внедорожник,внедорожник,
Changan,Eado,седан,седан,легковой,
Changan,Raeton,седан,седан,легковой,
Changfeng,Flying,пикап,внедорожник,внедорожник,2
Chery,Amulet,седан,седан,легковой,
Chery,Arrizo 7,седан,седан,легковой,
Chery,Bonus (A13),седан,седан,легковой,
Chery,Bonus 3 (A19),седан,седан,легковой,
Chery,CrossEastar (B14),универсал,универсал,легковой,
Chery,Fora,седан,седан,легковой,
Chery,IndiS,хэтчбек,хэтчбэк,легковой,
Chery,Kimo,хэтчбек,хэтчбэк,легковой,
Chery,M11 (A3),седан,седан,легковой,
Chery,Mikado,седан,седан,легковой,
Chery,Oriental Son,седан,седан,легковой,
Chery,QQ6,седан,седан,легковой,
Chery,Sweet,хэтчбек,хэтчбэк,легковой,
Chery,Tiggo,внедорожник,внедорожник,внедорожник,
Chery,Tiggo 2,кроссовер,кроссовер,кроссовер,
Chery,Tiggo 3,кроссовер,кроссовер,кроссовер,
Chery,Very,хэтчбек,хэтчбэк,легковой,
Chevrolet,Alero,седан,седан,легковой,
Chevrolet,Astro,минивэн,минивэн,легковой,
Chevrolet,Avalanche,пикап,внедорожник,внедорожник,2
Chevrolet,Aveo,седан,седан,легковой,
Chevrolet,Beretta,купе,купе,легковой,
Chevrolet,Blazer,внедорожник,внедорожник,внедорожник,
Chevrolet,Bolt,хэтчбек,хэтчбэк,легковой,
Chevrolet,Camaro,кабриолет,кабриолет,легковой,
Chevrolet,Caprice,седан,седан,легковой,
Chevrolet,Captiva,внедорожник,внедорожник,внедорожник,
Chevrolet,Cavalier,купе,купе,легковой,
Chevrolet,Celta,хэтчбек,хэтчбэк,легковой,
Chevrolet,Cobalt,седан,седан,легковой,
Chevrolet,Colorado,пикап,внедорожник,внедорожник,2
Chevrolet,Corsa,седан,седан,легковой,
Chevrolet,Corsica,хэтчбек,хэтчбэк,легковой,
Chevrolet,Corvette,кабриолет,кабриолет,легковой,
Chevrolet,Cruze,хэтчбек,хэтчбэк,легковой,
Chevrolet,Epica,седан,седан,легковой,
Chevrolet,Equinox,кроссовер,кроссовер,кроссовер,
Chevrolet,Evanda,седан,седан,легковой,
Chevrolet,Express,минивэн,минивэн,легковой,
Chevrolet,Geo Storm,купе,купе,легковой,
Chevrolet,HHR,универсал,универсал,легковой,
Chevrolet,Impala,седан,седан,легковой,
Chevrolet,Ipanema,универсал,универсал,легковой,
Chevrolet,Kalos,седан,седан,легковой,
Chevrolet,Lacetti,седан,седан,легковой,
Chevrolet,Lanos,седан,седан,легковой,
Chevrolet,Lumina,седан,седан,легковой,
Chevrolet,Malibu,седан,седан,легковой,
Chevrolet,Matiz,хэтчбек,хэтчбэк,легковой,
Chevrolet,Metro,седан,седан,легковой,
Chevrolet,Monte Carlo,купе,купе,легковой,
Chevrolet,Monza,купе,купе,легковой,
Chevrolet,Niva (2123),внедорожник,внедорожник,внедорожник,
Chevrolet,Nubira,универсал,универсал,легковой,
Chevrolet,Omega,седан,седан,легковой,
Chevrolet,Orlando,минивэн,минивэн,легковой,
Chevrolet,Prizm,седан,седан,легковой,
Chevrolet,Rezzo,минивэн,минивэн,легковой,
Chevrolet,S-10,пикап,внедорожник,внедорожник,2
Chevrolet,SSR,пикап,внедорожник,внедорожник,2
Chevrolet,Silverado,пикап,внедорожник,внедорожник,2
Chevrolet,Spark,хэтчбек,хэтчбэк,легковой,
Chevrolet,Suburban,внедорожник,внедорожник,внедорожник,
Chevrolet,Tacuma,минивэн,минивэн,легковой,
Chevrolet,Tahoe,внедорожник,внедорожник,внедорожник,
Chevrolet,Tracker,внедорожник,внедорожник,внедорожник,
Chevrolet,Trailblazer,внедорожник,внедорожник,внедорожник,
Chevrolet,Trans Sport,минивэн,минивэн,легковой,
Chevrolet,Traverse,кроссовер,кроссовер,кроссовер,
Chevrolet,Trax,кроссовер,кроссовер,кроссовер,
Chevrolet,Uplander,минивэн,минивэн,легковой,
Chevrolet,Vectra,хэтчбек,хэтчбэк,легковой,
Chevrolet,Venture,минивэн,минивэн,легковой,
Chevrolet,Viva,седан,седан,легковой,
Chevrolet,Volt,хэтчбек,хэтчбэк,легковой,
Chrysler,200,седан,седан,легковой,
Chrysler,300C,седан,седан,легковой,
Chrysler,300M,седан,седан,легковой,
Chrysler,Cirrus,седан,седан,легковой,
Chrysler,Concorde,седан,седан,легковой,
Chrysler,Crossfire,кабриолет,кабриолет,легковой,
Chrysler,Daytona,купе,купе,легковой,
Chrysler,ES,хэтчбек,хэтчбэк,легковой,
Chrysler,GS,купе,купе,легковой,
Chrysler,GTS,хэтчбек,хэтчбэк,легковой,
Chrysler,Grand Voyager,минивэн,минивэн,легковой,
Chrysler,Intrepid,седан,седан,легковой,
Chrysler,LHS,седан,седан,легковой,
Chrysler,Le Baron,кабриолет,кабриолет,легковой,
Chrysler,Neon,седан,седан,легковой,
Chrysler,New Yorker,седан,седан,легковой,
Chrysler,PT Cruiser,кабриолет,кабриолет,легковой,
Chrysler,Pacifica,минивэн,минивэн,легковой,
Chrysler,Prowler,родстер,родстер,легковой,
Chrysler,Saratoga,седан,седан,легковой,
Chrysler,Sebring,кабриолет,кабриолет,легковой,
Chrysler,Stratus,кабриолет,кабриолет,легковой,
Chrysler,Town & Country,минивэн,минивэн,легковой,
Chrysler,Viper,купе,купе,легковой,
Chrysler,Vision,седан,седан,легковой,
Chrysler,Voyager,минивэн,минивэн,легковой,
Citroen,2CV,седан,седан,легковой,
Citroen,AX,хэтчбек,хэтчбэк,легковой,
Citroen,Axel,хэтчбек,хэтчбэк,легковой,
Citroen,BX,универсал,универсал,легковой,
Citroen,Berlingo,минивэн,минивэн,легковой,
Citroen,C-Crosser,внедорожник,внедорожник,внедорожник,
Citroen,C-Elysee,седан,седан,легковой,
Citroen,C-Zero,хэтчбек,хэтчбэк,легковой,
Citroen,C1,хэтчбек,хэтчбэк,легковой,
Citroen,C2,хэтчбек,хэтчбэк,легковой,
Citroen,C3,хэтчбек,хэтчбэк,легковой,
Citroen,C3 Aircross,кроссовер,кроссовер,кроссовер,
Citroen,C3 Picasso,минивэн,минивэн,легковой,
Citroen,C3 Pluriel,кабриолет,кабриолет,легковой,
Citroen,C4,седан,седан,легковой,
Citroen,C4 Aircross,кроссовер,кроссовер,кроссовер,
Citroen,C4 Cactus,кроссовер,кроссовер,кроссовер,
Citroen,C4 Grand Picasso,минивэн,минивэн,легковой,
Citroen,C4 Picasso,минивэн,минивэн,легковой,
Citroen,C5,седан,седан,легковой,
Citroen,C6,хэтчбек,хэтчбэк,легковой,
Citroen,C8,минивэн,минивэн,легковой,
Citroen,CX,седан,седан,легковой,
Citroen,DS3,хэтчбек,хэтчбэк,легковой,
Citroen,DS4,хэтчбек,хэтчбэк,легковой,
Citroen,DS5,хэтчбек,хэтчбэк,легковой,
Citroen,Dyane,седан,седан,легковой,
Citroen,Evasion,минивэн,минивэн,легковой,
Citroen,GSA,универсал,универсал,легковой,
Citroen,Jumpy,минивэн,минивэн,легковой,
Citroen,LNA,седан,седан,легковой,
Citroen,Nemo,минивэн,минивэн,легковой,
Citroen,Saxo,хэтчбек,хэтчбэк,легковой,
Citroen,SpaceTourer,минивэн,минивэн,легковой,
Citroen,Visa,кабриолет,кабриолет,легковой,
Citroen,XM,универсал,универсал,легковой,
Citroen,Xantia,универсал,универсал,легковой,
Citroen,Xsara,купе,купе,легковой,
Citroen,Xsara Picasso,минивэн,минивэн,легковой,
Citroen,ZX,универсал,универсал,легковой,
DS,DS 3,кабриолет,кабриолет,легковой,
DS,DS 4,хэтчбек,хэтчбэк,легковой,
DS,DS 4 Crossback,хэтчбек,хэтчбэк,легковой,
DS,DS 5,хэтчбек,хэтчбэк,легковой,
DS,DS 7 Crossback,кроссовер,кроссовер,кроссовер,
DW Hower,H3,внедорожник,внедорожник,внедорожник,
Dacia,Dokker,минивэн,минивэн,легковой,
Dacia,Duster,кроссовер,кроссовер,кроссовер,
Dacia,Lodgy,минивэн,минивэн,легковой,
Dacia,Logan,хэтчбек,хэтчбэк,легковой,
Dacia,Logan MCV,универсал,универсал,легковой,
Dacia,Sandero,хэтчбек,хэтчбэк,легковой,
Dacia,Solenza,седан,седан,легковой,
Dadi,Shuttle,внедорожник,внедорожник,внедорожник,
Dadi,Smoothing,пикап,внедорожник,внедорожник,2
Daewoo,Arcadia,седан,седан,легковой,
Daewoo,Brougham,седан,седан,легковой,
Daewoo,Charman,седан,седан,легковой,
Daewoo,Espero,седан,седан,легковой,
Daewoo,Evanda,седан,седан,легковой,
Daewoo,Gentra,седан,седан,легковой,
Daewoo,Istana,минивэн,минивэн,легковой,
Daewoo,Kalos,седан,седан,легковой,
Daewoo,Korando,внедорожник,внедорожник,внедорожник,
Daewoo,Lacetti,хэтчбек,хэтчбэк,легковой,
Daewoo,Lanos,седан,седан,легковой,
Daewoo,Leganza,седан,седан,легковой,
Daewoo,Lublin,минивэн,минивэн,легковой,
Daewoo,Magnus,седан,седан,легковой,
Daewoo,Matiz,хэтчбек,хэтчбэк,легковой,
Daewoo,Musso,внедорожник,внедорожник,внедорожник,
Daewoo,Nexia,седан,седан,легковой,
Daewoo,Nubira,седан,седан,легковой,
Daewoo,Polonez,седан,седан,легковой,
Daewoo,Prince,седан,седан,легковой,
Daewoo,Racer,хэтчбек,хэтчбэк,легковой,
Daewoo,Rezzo,минивэн,минивэн,легковой,
Daewoo,Tacuma,минивэн,минивэн,легковой,
Daewoo,Tico,хэтчбек,хэтчбэк,легковой,
Daewoo,Winstorm,внедорожник,внедорожник,внедорожник,
Daihatsu,Altis,седан,седан,легковой,
Daihatsu,Applause,хэтчбек,хэтчбэк,легковой,
Daihatsu,Atrai,минивэн,минивэн,легковой,
Daihatsu,Be-go,внедорожник,внедорожник,внедорожник,
Daihatsu,Boon,хэтчбек,хэтчбэк,легковой,
Daihatsu,Charade,хэтчбек,хэтчбэк,легковой,
Daihatsu,Charmant,седан,седан,легковой,
Daihatsu,Copen,кабриолет,кабриолет,легковой,
Daihatsu,Cuore,хэтчбек,хэтчбэк,легковой,
Daihatsu,Feroza,внедорожник,внедорожник,внедорожник,
Daihatsu,Gran Move,минивэн,минивэн,легковой,
Daihatsu,Leeza,кабриолет,кабриолет,легковой,
Daihatsu,Materia,хэтчбек,хэтчбэк,легковой,
Daihatsu,Max,хэтчбек,хэтчбэк,легковой,
Daihatsu,Mira,хэтчбек,хэтчбэк,легковой,
Daihatsu,Move,минивэн,минивэн,легковой,
Daihatsu,Naked,хэтчбек,хэтчбэк,легковой,
Daihatsu,Opti,седан,седан,легковой,
Daihatsu,Rocky,внедорожник,внедорожник,внедорожник,
Daihatsu,Rocky Hard Top,внедорожник,внедорожник,внедорожник,
Daihatsu,Rocky Soft Top,внедорожник,внедорожник,внедорожник,
Daihatsu,Rocky Wagon,внедорожник,внедорожник,внедорожник,
Daihatsu,Sirion,хэтчбек,хэтчбэк,легковой,
Daihatsu,Storia,хэтчбек,хэтчбэк,легковой,
Daihatsu,Terios,внедорожник,внедорожник,внедорожник,
Daihatsu,YRV,минивэн,минивэн,легковой,
Daimler,3.6,седан,седан,легковой,
Daimler,4.0,седан,седан,легковой,
Daimler,Double Six,седан,седан,легковой,
Daimler,Six,седан,седан,легковой,
Daimler,Super Eight,седан,седан,легковой,
Daimler,V8,седан,седан,легковой,
Datsun,mi-DO,хэтчбек,хэтчбэк,легковой,
Datsun,on-DO,седан,седан,легковой,
Derways,Antelope,внедорожник,внедорожник,внедорожник,
Derways,Aurora,внедорожник,внедорожник,внедорожник,
Derways,Cowboy,внедорожник,внедорожник,внедорожник,
Derways,Land Crown,внедорожник,внедорожник,внедорожник,
Derways,Plutus,пикап,внедорожник,внедорожник,2
Derways,Saladin,внедорожник,внедорожник,внедорожник,
Derways,Shuttle,внедорожник,внедорожник,внедорожник,
Dodge,Avenger,седан,седан,легковой,
Dodge,Caliber,универсал,универсал,легковой,
Dodge,Caravan,минивэн,минивэн,легковой,
Dodge,Challenger,купе,купе,легковой,
Dodge,Charger,седан,седан,легковой,
Dodge,Dakota,пикап,внедорожник,внедорожник,2
Dodge,Durango,внедорожник,внедорожник,внедорожник,
Dodge,Grand Caravan,минивэн,минивэн,легковой,
Dodge,Intrepid,седан,седан,легковой,
Dodge,Journey,кроссовер,кроссовер,кроссовер,
Dodge,Magnum,универсал,универсал,легковой,
Dodge,Neon,седан,седан,легковой,
Dodge,Nitro,внедорожник,внедорожник,внедорожник,
Dodge,Ram 1500,пикап,внедорожник,внедорожник,2
Dodge,Ram 2500,пикап,внедорожник,внедорожник,2
Dodge,Ram 3500,пикап,внедорожник,внедорожник,2
Dodge,Spirit,седан,седан,легковой,
Dodge,Stealth,купе,купе,легковой,
Dodge,Stratus,седан,седан,легковой,
Dodge,Stratus Coupe,купе,купе,легковой,
Dodge,Viper,кабриолет,кабриолет,легковой,
Dong Feng,DFM AX7,кроссовер,кроссовер,кроссовер,
Dong Feng,H30 Cross,хэтчбек,хэтчбэк,легковой,
Dong Feng,S30,седан,седан,легковой,
FAW,Admiral,внедорожник,внедорожник,внедорожник,
FAW,Besturn B50,седан,седан,легковой,
FAW,Besturn B70,седан,седан,легковой,
FAW,Besturn X80,внедорожник,внедорожник,внедорожник,
FAW,Jinn,хэтчбек,хэтчбэк,легковой,
FAW,Oley,седан,седан,легковой,
FAW,V2,хэтчбек,хэтчбэк,легковой,
FAW,V5,седан,седан,легковой,
FAW,Vita,седан,седан,легковой,
FSO,Caro,хэтчбек,хэтчбэк,легковой,
FSO,Celina,седан,седан,легковой,
FSO,Classic,седан,седан,легковой,
FSO,Classic Estate,универсал,универсал,легковой,
FSO,Polonez,хэтчбек,хэтчбэк,легковой,
FSO,Prima,хэтчбек,хэтчбэк,легковой,
Ferrari,212,кабриолет,кабриолет,легковой,
Ferrari,250,купе,купе,легковой,
Ferrari,275,кабриолет,кабриолет,легковой,
Ferrari,308,купе,купе,легковой,
Ferrari,348,кабриолет,кабриолет,легковой,
Ferrari,360 Modena,купе,купе,легковой,
Ferrari,360 Spider,кабриолет,кабриолет,легковой,
Ferrari,400,купе,купе,легковой,
Ferrari,456,купе,купе,легковой,
Ferrari,456 GT,купе,купе,легковой,
Ferrari,458,купе,купе,легковой,
Ferrari,488,купе,купе,легковой,
Ferrari,512 TR,купе,купе,легковой,
Ferrari,550 Barchetta,купе,купе,легковой,
Ferrari,550 Maranello,купе,купе,легковой,
Ferrari,575 M Maranello,кабриолет,кабриолет,легковой,
Ferrari,599,купе,купе,легковой,
Ferrari,612 Scaglietti,купе,купе,легковой,
Ferrari,812 Superfast,купе,купе,легковой,
Ferrari,California,кабриолет,кабриолет,легковой,
Ferrari,Enzo,купе,купе,легковой,
Ferrari,F 355,кабриолет,кабриолет,легковой,
Ferrari,F 355 Berlinetta,купе,купе,легковой,
Ferrari,F 355 GTS,купе,купе,легковой,
Ferrari,F 355 Spider,кабриолет,кабриолет,легковой,
Ferrari,F 430,кабриолет,кабриолет,легковой,
Ferrari,F 430 Spider,кабриолет,кабриолет,легковой,
Ferrari,F 50,купе,купе,легковой,
Ferrari,F 512,купе,купе,легковой,
Ferrari,F12 Berlinetta,купе,купе,легковой,
Ferrari,F550 Barchetta,купе,купе,легковой,
Ferrari,FF,купе,купе,легковой,
Ferrari,GTC4,купе,купе,легковой,
Ferrari,Portofino,кабриолет,кабриолет,легковой,
Ferrari,Testarossa,купе,купе,легковой,
Fiat,124 Spider,родстер,родстер,легковой,
Fiat,126,хэтчбек,хэтчбэк,легковой,
Fiat,127,хэтчбек,хэтчбэк,легковой,
Fiat,131,седан,седан,легковой,
Fiat,132,седан,седан,легковой,
Fiat,500,хэтчбек,хэтчбэк,легковой,
Fiat,500X,кроссовер,кроссовер,кроссовер,
Fiat,600,хэтчбек,хэтчбэк,легковой,
Fiat,900,минивэн,минивэн,легковой,
Fiat,Albea,седан,седан,легковой,
Fiat,Argenta,седан,седан,легковой,
Fiat,Barchetta,кабриолет,кабриолет,легковой,
Fiat,Brava,хэтчбек,хэтчбэк,легковой,
Fiat,Bravo,хэтчбек,хэтчбэк,легковой,
Fiat,Cinquecento,хэтчбек,хэтчбэк,легковой,
Fiat,Coupe,купе,купе,легковой,
Fiat,Croma,хэтчбек,хэтчбэк,легковой,
Fiat,Doblo,минивэн,минивэн,легковой,
Fiat,Doblt,минивэн,минивэн,легковой,
Fiat,Ducato,минивэн,минивэн,легковой,
Fiat,Freemont,внедорожник,внедорожник,внедорожник,
Fiat,Fullback,пикап,внедорожник,внедорожник,2
Fiat,Grande Punto,хэтчбек,хэтчбэк,легковой,
Fiat,Idea,минивэн,минивэн,легковой,
Fiat,Linea,седан,седан,легковой,
Fiat,Marea,седан,седан,легковой,
Fiat,Multipla,минивэн,минивэн,легковой,
Fiat,Palio,универсал,универсал,легковой,
Fiat,Panda,хэтчбек,хэтчбэк,легковой,
Fiat,Punto,хэтчбек,хэтчбэк,легковой,
Fiat,Punto Evo,хэтчбек,хэтчбэк,легковой,
Fiat,Qubo,минивэн,минивэн,легковой,
Fiat,Regata,универсал,универсал,легковой,
Fiat,Ritmo,хэтчбек,хэтчбэк,легковой,
Fiat,Scudo,минивэн,минивэн,легковой,
Fiat,Sedici,кроссовер,кроссовер,кроссовер,
Fiat,Siecento,хэтчбек,хэтчбэк,легковой,
Fiat,Siena,седан,седан,легковой,
Fiat,Spazio,хэтчбек,хэтчбэк,легковой,
Fiat,Stilo,универсал,универсал,легковой,
Fiat,Strada,пикап,внедорожник,внедорожник,2
Fiat,Tempra,седан,седан,легковой,
Fiat,Tipo,универсал,универсал,легковой,
Fiat,Ulysse,минивэн,минивэн,легковой,
Fiat,Uno,хэтчбек,хэтчбэк,легковой,
Fiat,X1/9,купе,купе,легковой,
Ford,Aerostar,минивэн,минивэн,легковой,
Ford,Aspire,хэтчбек,хэтчбэк,легковой,
Ford,B-MAX,минивэн,минивэн,легковой,
Ford,Bronco,внедорожник,внедорожник,внедорожник,
Ford,C-Max,минивэн,минивэн,легковой,
Ford,Capri,купе,купе,легковой,
Ford,Contour,седан,седан,легковой,
Ford,Cougar,купе,купе,легковой,
Ford,Crown Victoria,седан,седан,легковой,
Ford,EcoSport,кроссовер,кроссовер,кроссовер,
Ford,Econoline,минивэн,минивэн,легковой,
Ford,Edge,внедорожник,внедорожник,внедорожник,
Ford,Escape,внедорожник,внедорожник,внедорожник,
Ford,Escort,кабриолет,кабриолет,легковой,
Ford,Excursion,внедорожник,внедорожник,внедорожник,
Ford,Expedition,внедорожник,внедорожник,внедорожник,
Ford,Explorer,внедорожник,внедорожник,внедорожник,
Ford,Explorer Sport,пикап,внедорожник,внедорожник,2
Ford,F-150,пикап,внедорожник,внедорожник,2
Ford,F-250,пикап,внедорожник,внедорожник,2
Ford,F-350,пикап,внедорожник,внедорожник,2
Ford,Fiesta,хэтчбек,хэтчбэк,легковой,
Ford,Focus,универсал,универсал,легковой,
Ford,Focus Coupe-Cabriolet,кабриолет,кабриолет,легковой,
Ford,Freestar,минивэн,минивэн,легковой,
Ford,Freestyle,внедорожник,внедорожник,внедорожник,
Ford,Fusion,хэтчбек,хэтчбэк,легковой,
Ford,Galaxy,минивэн,минивэн,легковой,
Ford,Granada,седан,седан,легковой,
Ford,Grand C-MAX,минивэн,минивэн,легковой,
Ford,Ikon,седан,седан,легковой,
Ford,Ka,хэтчбек,хэтчбэк,легковой,
Ford,Kuga,кроссовер,кроссовер,кроссовер,
Ford,Maverick,внедорожник,внедорожник,внедорожник,
Ford,Mondeo,универсал,универсал,легковой,
Ford,Mustang,кабриолет,кабриолет,легковой,
Ford,Orion,седан,седан,легковой,
Ford,Probe,купе,купе,легковой,
Ford,Puma,купе,купе,легковой,
Ford,Ranger,пикап,внедорожник,внедорожник,2
Ford,S-MAX,минивэн,минивэн,легковой,
Ford,Scorpio,седан,седан,легковой,
Ford,Shelby GT 500,купе,купе,легковой,
Ford,Sierra,седан,седан,легковой,
Ford,Taunus,седан,седан,легковой,
Ford,Taurus,купе,купе,легковой,
Ford,Thunderbird,купе,купе,легковой,
Ford,Tourneo Connect,минивэн,минивэн,легковой,
Ford,Transit,минивэн,минивэн,легковой,
Ford,Windstar,минивэн,минивэн,легковой,
Foton,Sauvana,внедорожник,внедорожник,внедорожник,
Foton,Tunland,пикап,внедорожник,внедорожник,2
GMC,Acadia,внедорожник,внедорожник,внедорожник,
GMC,Savana,минивэн,минивэн,легковой,
GMC,Sierra,пикап,внедорожник,внедорожник,2
GMC,Yukon,внедорожник,внедорожник,внедорожник,
Geely,Atlas,внедорожник,внедорожник,внедорожник,
Geely,Emgrand,седан,седан,легковой,
Geely,Emgrand GT,седан,седан,легковой,
Geely,Emgrand X7 (GX 7),внедорожник,внедорожник,внедорожник,
Geely,GC6,седан,седан,легковой,
Geely,GX 7,внедорожник,внедорожник,внедорожник,
Geely,MK Cross,хэтчбек,хэтчбэк,легковой,
Geely,Otaka,седан,седан,легковой,
Geely,Vision (FC),седан,седан,легковой,
Geely,МК,седан,седан,легковой,
Genesis,G70,седан,седан,легковой,
Genesis,G80,седан,седан,легковой,
Genesis,G90,седан,седан,легковой,
Gillet,Vertigo Streiff,купе,купе,легковой,
Great Wall,CoolBear,универсал,универсал,легковой,
Great Wall,Cowry,минивэн,минивэн,легковой,
Great Wall,Deer,пикап,внедорожник,внедорожник,2
Great Wall,Florid,хэтчбек,хэтчбэк,легковой,
Great Wall,Hover,внедорожник,внедорожник,внедорожник,
Great Wall,Hover H3,внедорожник,внедорожник,внедорожник,
Great Wall,Hover H5,внедорожник,внедорожник,внедорожник,
Great Wall,Hover H6,внедорожник,внедорожник,внедорожник,
Great Wall,Hover H8,внедорожник,внедорожник,внедорожник,
Great Wall,Hover M2,универсал,универсал,легковой,
Great Wall,Hover M4,кроссовер,кроссовер,кроссовер,
Great Wall,Pegasus,внедорожник,внедорожник,внедорожник,
Great Wall,Peri,хэтчбек,хэтчбэк,легковой,
Great Wall,Phenom,хэтчбек,хэтчбэк,легковой,
Great Wall,Safe (SUV G5),внедорожник,внедорожник,внедорожник,
Great Wall,Sailor,пикап,внедорожник,внедорожник,2
Great Wall,Sing,внедорожник,внедорожник,внедорожник,
Great Wall,Sokol (So Cool),пикап,внедорожник,внедорожник,2
Great Wall,Wingle,пикап,внедорожник,внедорожник,2
Hafei,Brio,хэтчбек,хэтчбэк,легковой,
Hafei,Princip,седан,седан,легковой,
Hafei,Simbo,минивэн,минивэн,легковой,
Haima,3,седан,седан,легковой,
Haima,7,внедорожник,внедорожник,внедорожник,
Haima,H11,хэтчбек,хэтчбэк,легковой,
Haima,M3,седан,седан,легковой,
Haval,H2,кроссовер,кроссовер,кроссовер,
Haval,H6,внедорожник,внедорожник,внедорожник,
Haval,H8,внедорожник,внедорожник,внедорожник,
Haval,H9,внедорожник,внедорожник,внедорожник,
Hawtai,Laville,внедорожник,внедорожник,внедорожник,
Holden,Caprice,седан,седан,легковой,
Holden,Commodore,седан,седан,легковой,
Holden,Statesman,седан,седан,легковой,
Honda,Accord,седан,седан,легковой,
Honda,Accord Coupe,купе,купе,легковой,
Honda,Airwave,универсал,универсал,легковой,
Honda,Avancier,универсал,универсал,легковой,
Honda,CR-V,внедорожник,внедорожник,внедорожник,
Honda,CR-Z,купе,купе,легковой,
Honda,CRX,купе,купе,легковой,
Honda,Capa,минивэн,минивэн,легковой,
Honda,City,седан,седан,легковой,
Honda,Civic,хэтчбек,хэтчбэк,легковой,
Honda,Concerto,хэтчбек,хэтчбэк,легковой,
Honda,Crosstour,кроссовер,кроссовер,кроссовер,
Honda,Domani,седан,седан,легковой,
Honda,Edix,минивэн,минивэн,легковой,
Honda,Element,внедорожник,внедорожник,внедорожник,
Honda,Elysion,минивэн,минивэн,легковой,
Honda,FR-V,минивэн,минивэн,легковой,
Honda,Freed,минивэн,минивэн,легковой,
Honda,HR-V,внедорожник,внедорожник,внедорожник,
Honda,Insight,хэтчбек,хэтчбэк,легковой,
Honda,Inspire,седан,седан,легковой,
Honda,Integra,купе,купе,легковой,
Honda,Jazz,хэтчбек,хэтчбэк,легковой,
Honda,Lagreat,минивэн,минивэн,легковой,
Honda,Legend,седан,седан,легковой,
Honda,Life,минивэн,минивэн,легковой,
Honda,Logo,хэтчбек,хэтчбэк,легковой,
Honda,MDX,внедорожник,внедорожник,внедорожник,
Honda,Mobilio,минивэн,минивэн,легковой,
Honda,NSX,купе,купе,легковой,
Honda,Orthia,универсал,универсал,легковой,
Honda,Partner,универсал,универсал,легковой,
Honda,Passport,внедорожник,внедорожник,внедорожник,
Honda,Pilot,внедорожник,внедорожник,внедорожник,
Honda,Prelude,купе,купе,легковой,
Honda,Quintet,хэтчбек,хэтчбэк,легковой,
Honda,Ridgeline,пикап,внедорожник,внедорожник,2
Honda,S-MX,минивэн,минивэн,легковой,
Honda,S2000,кабриолет,кабриолет,легковой,
Honda,Saber,седан,седан,легковой,
Honda,Shuttle,минивэн,минивэн,легковой,
Honda,Stepwgn,минивэн,минивэн,легковой,
Honda,Stream,минивэн,минивэн,легковой,
Honda,That S,хэтчбек,хэтчбэк,легковой,
Honda,Today,хэтчбек,хэтчбэк,легковой,
Honda,Torneo,седан,седан,легковой,
Honda,Vamos,минивэн,минивэн,легковой,
Honda,Vigor,седан,седан,легковой,
Honda,Z,хэтчбек,хэтчбэк,легковой,
Huanghai,Antelope,пикап,внедорожник,внедорожник,2
Hummer,H1,внедорожник,внедорожник,внедорожник,
Hummer,H2,пикап,внедорожник,внедорожник,2
Hummer,H3,внедорожник,внедорожник,внедорожник,
Hurtan,Grand Albaycin,кабриолет,кабриолет,легковой,
Hyundai,Accent,седан,седан,легковой,
Hyundai,Atos,хэтчбек,хэтчбэк,легковой,
Hyundai,Avante,седан,седан,легковой,
Hyundai,Coupe,купе,купе,легковой,
Hyundai,Creta,внедорожник,внедорожник,внедорожник,
Hyundai,Dynasty,седан,седан,легковой,
Hyundai,Elantra,седан,седан,легковой,
Hyundai,Equus / Centennial,седан,седан,легковой,
Hyundai,Excel,седан,седан,легковой,
Hyundai,Galloper,внедорожник,внедорожник,внедорожник,
Hyundai,Genesis,седан,седан,легковой,
Hyundai,Getz,хэтчбек,хэтчбэк,легковой,
Hyundai,Grand Santa Fe,внедорожник,внедорожник,внедорожник,
Hyundai,Grand Starex,минивэн,минивэн,легковой,
Hyundai,Grandeur,седан,седан,легковой,
Hyundai,H1,минивэн,минивэн,легковой,
Hyundai,Ioniq,хэтчбек,хэтчбэк,легковой,
Hyundai,Kona,кроссовер,кроссовер,кроссовер,
Hyundai,Lantra,универсал,универсал,легковой,
Hyundai,Marcia,седан,седан,легковой,
Hyundai,Matrix,минивэн,минивэн,легковой,
Hyundai,Nexo,кроссовер,кроссовер,кроссовер,
Hyundai,Pony,хэтчбек,хэтчбэк,легковой,
Hyundai,Santa Fe,внедорожник,внедорожник,внедорожник,
Hyundai,Santamo,минивэн,минивэн,легковой,
Hyundai,Satellite,минивэн,минивэн,легковой,
Hyundai,Scoupe,купе,купе,легковой,
Hyundai,Solaris,седан,седан,легковой,
Hyundai,Sonata,седан,седан,легковой,
Hyundai,Stellar,седан,седан,легковой,
Hyundai,Terracan,внедорожник,внедорожник,внедорожник,
Hyundai,Tiburon,купе,купе,легковой,
Hyundai,Trajet,минивэн,минивэн,легковой,
Hyundai,Tucson,внедорожник,внедорожник,внедорожник,
Hyundai,Veloster,хэтчбек,хэтчбэк,легковой,
Hyundai,Veracruz,внедорожник,внедорожник,внедорожник,
Hyundai,Verna,седан,седан,легковой,
Hyundai,XG,седан,седан,легковой,
Hyundai,i10,хэтчбек,хэтчбэк,легковой,
Hyundai,i20,хэтчбек,хэтчбэк,легковой,
Hyundai,i30,лифтбек,лифтбек,легковой,
Hyundai,i40,седан,седан,легковой,
Hyundai,ix20,хэтчбек,хэтчбэк,легковой,
Hyundai,ix35,внедорожник,внедорожник,внедорожник,
Hyundai,ix55,внедорожник,внедорожник,внедорожник,
Infiniti,EX25,кроссовер,кроссовер,кроссовер,
Infiniti,EX35,кроссовер,кроссовер,кроссовер,
Infiniti,EX37,внедорожник,внедорожник,внедорожник,
Infiniti,FX,внедорожник,внедорожник,внедорожник,
Infiniti,G20,седан,седан,легковой,
Infiniti,G25,седан,седан,легковой,
Infiniti,G35,седан,седан,легковой,
Infiniti,G37,кабриолет,кабриолет,легковой,
Infiniti,I30,седан,седан,легковой,
Infiniti,I35,седан,седан,легковой,
Infiniti,J30,седан,седан,легковой,
Infiniti,JX,внедорожник,внедорожник,внедорожник,
Infiniti,M,седан,седан,легковой,
Infiniti,Q30,хэтчбек,хэтчбэк,легковой,
Infiniti,Q45,седан,седан,легковой,
Infiniti,Q50,седан,седан,легковой,
Infiniti,Q60,купе,купе,легковой,
Infiniti,Q70,седан,седан,легковой,
Infiniti,QX30,внедорожник,внедорожник,внедорожник,
Infiniti,QX4,внедорожник,внедорожник,внедорожник,
Infiniti,QX50,внедорожник,внедорожник,внедорожник,
Infiniti,QX56,внедорожник,внедорожник,внедорожник,
Infiniti,QX60,внедорожник,внедорожник,внедорожник,
Infiniti,QX70,внедорожник,внедорожник,внедорожник,
Infiniti,QX80,внедорожник,внедорожник,внедорожник,
Innocenti,90/120,хэтчбек,хэтчбэк,легковой,
Iran Khodro,Samand,седан,седан,легковой,
Isuzu,Ascender,внедорожник,внедорожник,внедорожник,
Isuzu,Aska,седан,седан,легковой,
Isuzu,Axiom,внедорожник,внедорожник,внедорожник,
Isuzu,Bighorn,внедорожник,внедорожник,внедорожник,
Isuzu,D-Max,пикап,внедорожник,внедорожник,2
Isuzu,Filly,минивэн,минивэн,легковой,
Isuzu,Gemini,седан,седан,легковой,
Isuzu,Mu,внедорожник,внедорожник,внедорожник,
Isuzu,Piazza,хэтчбек,хэтчбэк,легковой,
Isuzu,Rodeo,внедорожник,внедорожник,внедорожник,
Isuzu,Trooper,внедорожник,внедорожник,внедорожник,
Isuzu,VehiCross,внедорожник,внедорожник,внедорожник,
Isuzu,Wizard,внедорожник,внедорожник,внедорожник,
JAC,J2,хэтчбек,хэтчбэк,легковой,
JAC,J5,седан,седан,легковой,
JAC,Refine,минивэн,минивэн,легковой,
JAC,Rein,внедорожник,внедорожник,внедорожник,
JAC,S5,внедорожник,внедорожник,внедорожник,
JMC,Baodian,пикап,внедорожник,внедорожник,2
JMC,Landwind-X6,внедорожник,внедорожник,внедорожник,
Jaguar,E-Pace,внедорожник,внедорожник,внедорожник,
Jaguar,E-Type,купе,купе,легковой,
Jaguar,F-Pace,внедорожник,внедорожник,внедорожник,
Jaguar,F-Type,кабриолет,кабриолет,легковой,
Jaguar,I-Pace,кроссовер,кроссовер,кроссовер,
Jaguar,S-Type,седан,седан,легковой,
Jaguar,V12,седан,седан,легковой,
Jaguar,X-Type,седан,седан,легковой,
Jaguar,XE,седан,седан,легковой,
Jaguar,XF,универсал,универсал,легковой,
Jaguar,XJ,седан,седан,легковой,
Jaguar,XJ12,седан,седан,легковой,
Jaguar,XJ220,купе,купе,легковой,
Jaguar,XJ6,седан,седан,легковой,
Jaguar,XJR,седан,седан,легковой,
Jaguar,XJS,кабриолет,кабриолет,легковой,
Jaguar,XK,кабриолет,кабриолет,легковой,
Jaguar,XK8,кабриолет,кабриолет,легковой,
Jaguar,XKR,кабриолет,кабриолет,легковой,
Jeep,Cherokee,внедорожник,внедорожник,внедорожник,
Jeep,Commander,внедорожник,внедорожник,внедорожник,
Jeep,Compass,внедорожник,внедорожник,внедорожник,
Jeep,Grand Cherokee,внедорожник,внедорожник,внедорожник,
Jeep,Liberty,внедорожник,внедорожник,внедорожник,
Jeep,Patriot,внедорожник,внедорожник,внедорожник,
Jeep,Renegade,внедорожник,внедорожник,внедорожник,
Jeep,Wrangler,внедорожник,внедорожник,внедорожник,
Kia,Avella,седан,седан,легковой,
Kia,Cadenza,седан,седан,легковой,
Kia,Carens,минивэн,минивэн,легковой,
Kia,Carnival,минивэн,минивэн,легковой,
Kia,Ceed,универсал,универсал,легковой,
Kia,Cerato,седан,седан,легковой,
Kia,Clarus,седан,седан,легковой,
Kia,Elan,кабриолет,кабриолет,легковой,
Kia,Enterprise,седан,седан,легковой,
Kia,Joice,минивэн,минивэн,легковой,
Kia,K900,седан,седан,легковой,
Kia,Magentis,седан,седан,легковой,
Kia,Mentor,седан,седан,легковой,
Kia,Mohave,внедорожник,внедорожник,внедорожник,
Kia,Niro,кроссовер,кроссовер,кроссовер,
Kia,Opirus,седан,седан,легковой,
Kia,Optima,седан,седан,легковой,
Kia,Picanto,хэтчбек,хэтчбэк,легковой,
Kia,Potentia,седан,седан,легковой,
Kia,Pregio,минивэн,минивэн,легковой,
Kia,Pride,универсал,универсал,легковой,
Kia,Quoris,седан,седан,легковой,
Kia,Retona,внедорожник,внедорожник,внедорожник,
Kia,Rio,седан,седан,легковой,
Kia,Sedona,минивэн,минивэн,легковой,
Kia,Sephia,седан,седан,легковой,
Kia,Shuma,хэтчбек,хэтчбэк,легковой,
Kia,Sorento,внедорожник,внедорожник,внедорожник,
Kia,Soul,хэтчбек,хэтчбэк,легковой,
Kia,Spectra,седан,седан,легковой,
Kia,Sportage,внедорожник,внедорожник,внедорожник,
Kia,Stinger,хэтчбек,хэтчбэк,легковой,
Kia,Stonic,кроссовер,кроссовер,кроссовер,
Kia,Venga,хэтчбек,хэтчбэк,легковой,
Kia,Visto,хэтчбек,хэтчбэк,легковой,
LDV,Maxus,минивэн,минивэн,легковой,
Lamborghini,Aventador,купе,купе,легковой,
Lamborghini,Diablo,купе,купе,легковой,
Lamborghini,Espada,купе,купе,легковой,
Lamborghini,Gallardo,купе,купе,легковой,
Lamborghini,Huracan,купе,купе,легковой,
Lamborghini,Murcielago,родстер,родстер,легковой,
Lamborghini,Urus,кроссовер,кроссовер,кроссовер,
Lancia,A112,хэтчбек,хэтчбэк,легковой,
Lancia,Beta,купе,купе,легковой,
Lancia,Dedra,седан,седан,легковой,
Lancia,Delta,хэтчбек,хэтчбэк,легковой,
Lancia,Flavia,кабриолет,кабриолет,легковой,
Lancia,Gamma,купе,купе,легковой,
Lancia,HPE,купе,купе,легковой,
Lancia,Kappa,купе,купе,легковой,
Lancia,Lybra,седан,седан,легковой,
Lancia,Monte Carlo,купе,купе,легковой,
Lancia,Musa,минивэн,минивэн,легковой,
Lancia,Phedra,минивэн,минивэн,легковой,
Lancia,Prisma,седан,седан,легковой,
Lancia,Thema,седан,седан,легковой,
Lancia,Thesis,седан,седан,легковой,
Lancia,Trevi,седан,седан,легковой,
Lancia,Voyager,минивэн,минивэн,легковой,
Lancia,Ypsilon,хэтчбек,хэтчбэк,легковой,
Lancia,Zeta,минивэн,минивэн,легковой,
Land Rover,Defender,внедорожник,внедорожник,внедорожник,
Land Rover,Discovery,внедорожник,внедорожник,внедорожник,
Land Rover,Discovery Sport,внедорожник,внедорожник,внедорожник,
Land Rover,Freelander,внедорожник,внедорожник,внедорожник,
Land Rover,Range Rover,внедорожник,внедорожник,внедорожник,
Land Rover,Range Rover Evoque,кроссовер,кроссовер,кроссовер,
Land Rover,Range Rover Sport,внедорожник,внедорожник,внедорожник,
Land Rover,Range Rover Velar,внедорожник,внедорожник,внедорожник,
Lexus,CT,хэтчбек,хэтчбэк,легковой,
Lexus,ES,седан,седан,легковой,
Lexus,GS,седан,седан,легковой,
Lexus,GS F,седан,седан,легковой,
Lexus,GX,внедорожник,внедорожник,внедорожник,
Lexus,HS,седан,седан,легковой,
Lexus,IS,седан,седан,легковой,
Lexus,LC,купе,купе,легковой,
Lexus,LFA,купе,купе,легковой,
Lexus,LS,седан,седан,легковой,
Lexus,LX,внедорожник,внедорожник,внедорожник,
Lexus,NX,внедорожник,внедорожник,внедорожник,
Lexus,RC,купе,купе,легковой,
Lexus,RC F,купе,купе,легковой,
Lexus,RX,внедорожник,внедорожник,внедорожник,
Lexus,SC,кабриолет,кабриолет,легковой,
Lexus,UX,кроссовер,кроссовер,кроссовер,
Liebao,Leopard,внедорожник,внедорожник,внедорожник,
Lifan,620,седан,седан,легковой,
Lifan,Breez (520),хэтчбек,хэтчбэк,легковой,
Lifan,Cebrium (720),седан,седан,легковой,
Lifan,Celliya (530),седан,седан,легковой,
Lifan,Murman,седан,седан,легковой,
Lifan,Myway,внедорожник,внедорожник,внедорожник,
Lifan,Smily (320),хэтчбек,хэтчбэк,легковой,
Lifan,Solano,седан,седан,легковой,
Lifan,X50,кроссовер,кроссовер,кроссовер,
Lifan,X60,кроссовер,кроссовер,кроссовер,
Lifan,X70,внедорожник,внедорожник,внедорожник,
Lincoln,Continental,седан,седан,легковой,
Lincoln,LS,седан,седан,легковой,
Lincoln,MKC,кроссовер,кроссовер,кроссовер,
Lincoln,MKX,внедорожник,внедорожник,внедорожник,
Lincoln,MKZ,седан,седан,легковой,
Lincoln,Mark LT,пикап,внедорожник,внедорожник,2
Lincoln,Mark VIII,купе,купе,легковой,
Lincoln,Nautilus,кроссовер,кроссовер,кроссовер,
Lincoln,Navigator,внедорожник,внедорожник,внедорожник,
Lincoln,Town Car,седан,седан,легковой,
Lotus,Elan,кабриолет,кабриолет,легковой,
Lotus,Elise,кабриолет,кабриолет,легковой,
Lotus,Esprit,купе,купе,легковой,
Lotus,Europa,купе,купе,легковой,
Lotus,Evora,купе,купе,легковой,
Lotus,Exige,купе,купе,легковой,
Luxgen,5 Sedan,седан,седан,легковой,
Luxgen,7 MPV,минивэн,минивэн,легковой,
Luxgen,7 SUV,кроссовер,кроссовер,кроссовер,
MG,350,седан,седан,легковой,
MG,F,кабриолет,кабриолет,легковой,
MG,RV8,кабриолет,кабриолет,легковой,
MG,TF,кабриолет,кабриолет,легковой,
MG,ZR,хэтчбек,хэтчбэк,легковой,
MG,ZS,седан,седан,легковой,
MG,ZT,седан,седан,легковой,
MG,ZT-T,универсал,универсал,легковой,
Mahindra,Marshal,внедорожник,внедорожник,внедорожник,
Mahindra,Scorpio,внедорожник,внедорожник,внедорожник,
Marcos,LM,купе,купе,легковой,
Marcos,Mantula / Martina / Mantara,купе,купе,легковой,
Maruti,800,хэтчбек,хэтчбэк,легковой,
Maserati,3200GT,купе,купе,легковой,
Maserati,3500,купе,купе,легковой,
Maserati,5000GT,купе,купе,легковой,
Maserati,Biturbo,кабриолет,кабриолет,легковой,
Maserati,Cambiocorsa,купе,купе,легковой,
Maserati,Coupe,купе,купе,легковой,
Maserati,Ghibli,седан,седан,легковой,
Maserati,GranCabrio,кабриолет,кабриолет,легковой,
Maserati,GranTurismo,купе,купе,легковой,
Maserati,Levante,внедорожник,внедорожник,внедорожник,
Maserati,MC 12,купе,купе,легковой,
Maserati,Quattroporte,седан,седан,легковой,
Maserati,Spyder,кабриолет,кабриолет,легковой,
Maybach,57,седан,седан,легковой,
Maybach,62,седан,седан,легковой,
Mazda,121,хэтчбек,хэтчбэк,легковой,
Mazda,2,хэтчбек,хэтчбэк,легковой,
Mazda,3,седан,седан,легковой,
Mazda,323,седан,седан,легковой,
Mazda,5,минивэн,минивэн,легковой,
Mazda,6,седан,седан,легковой,
Mazda,626,седан,седан,легковой,
Mazda,929,седан,седан,легковой,
Mazda,AZ,минивэн,минивэн,легковой,
Mazda,B,пикап,внедорожник,внедорожник,2
Mazda,BT-50,пикап,внедорожник,внедорожник,2
Mazda,Bongo,минивэн,минивэн,легковой,
Mazda,Bongo Friendee,минивэн,минивэн,легковой,
Mazda,CX-3,внедорожник,внедорожник,внедорожник,
Mazda,CX-5,кроссовер,кроссовер,кроссовер,
Mazda,CX-7,кроссовер,кроссовер,кроссовер,
Mazda,CX-9,внедорожник,внедорожник,внедорожник,
Mazda,Capella,седан,седан,легковой,
Mazda,Carol,хэтчбек,хэтчбэк,легковой,
Mazda,Demio,минивэн,минивэн,легковой,
Mazda,Familia,универсал,универсал,легковой,
Mazda,Levante,внедорожник,внедорожник,внедорожник,
Mazda,MPV,минивэн,минивэн,легковой,
Mazda,MX-3,купе,купе,легковой,
Mazda,MX-5,кабриолет,кабриолет,легковой,
Mazda,MX-6,купе,купе,легковой,
Mazda,Millenia,седан,седан,легковой,
Mazda,Premacy,минивэн,минивэн,легковой,
Mazda,Protege,седан,седан,легковой,
Mazda,RX-7,купе,купе,легковой,
Mazda,RX-8,купе,купе,легковой,
Mazda,Scrum,минивэн,минивэн,легковой,
Mazda,Tribute,внедорожник,внедорожник,внедорожник,
Mazda,Verisa,универсал,универсал,легковой,
Mazda,Xedos 6,седан,седан,легковой,
Mazda,Xedos 9,седан,седан,легковой,
McLaren,540,купе,купе,легковой,
McLaren,650,купе,купе,легковой,
Mercedes,190,седан,седан,легковой,
Mercedes,A-class,седан,седан,легковой,
Mercedes,AMG GT,купе,купе,легковой,
Mercedes,B-class,минивэн,минивэн,легковой,
Mercedes,C-class,седан,седан,легковой,
Mercedes,CL,купе,купе,легковой,
Mercedes,CLA,купе,купе,легковой,
Mercedes,CLC,купе,купе,легковой,
Mercedes,CLK,кабриолет,кабриолет,легковой,
Mercedes,CLS,купе,купе,легковой,
Mercedes,E-class,кабриолет,кабриолет,легковой,
Mercedes,G-class,внедорожник,внедорожник,внедорожник,
Mercedes,GL,внедорожник,внедорожник,внедорожник,
Mercedes,GLA,кроссовер,кроссовер,кроссовер,
Mercedes,GLC,кроссовер,кроссовер,кроссовер,
Mercedes,GLE,внедорожник,внедорожник,внедорожник,
Mercedes,GLK,кроссовер,кроссовер,кроссовер,
Mercedes,GLS,внедорожник,внедорожник,внедорожник,
Mercedes,ML,внедорожник,внедорожник,внедорожник,
Mercedes,Maybach S-class,седан,седан,легковой,
Mercedes,R-class,минивэн,минивэн,легковой,
Mercedes,S-class,кабриолет,кабриолет,легковой,
Mercedes,SL,кабриолет,кабриолет,легковой,
Mercedes,SLC,родстер,родстер,легковой,
Mercedes,SLK,кабриолет,кабриолет,легковой,
Mercedes,SLR,купе,купе,легковой,
Mercedes,SLS AMG,купе,купе,легковой,
Mercedes,V-class,минивэн,минивэн,легковой,
Mercedes,Vaneo,минивэн,минивэн,легковой,
Mercedes,Viano,минивэн,минивэн,легковой,
Mercedes,Vito,минивэн,минивэн,легковой,
Mercedes,W123,купе,купе,легковой,
Mercedes,X-class,пикап,внедорожник,внедорожник,2
Mercury,Grand Marquis,седан,седан,легковой,
Mercury,Sable,универсал,универсал,легковой,
Mercury,Villager,минивэн,минивэн,легковой,
Mini,Clubman,хэтчбек,хэтчбэк,легковой,
Mini,Cooper,кабриолет,кабриолет,легковой,
Mini,Cooper S,кабриолет,кабриолет,легковой,
Mini,Countryman,кроссовер,кроссовер,кроссовер,
Mini,One,хэтчбек,хэтчбэк,легковой,
Mini,Paceman,кроссовер,кроссовер,кроссовер,
Mini,Roadster,родстер,родстер,легковой,
Mitsubishi,3000 GT,купе,купе,легковой,
Mitsubishi,ASX,кроссовер,кроссовер,кроссовер,
Mitsubishi,Airtrek,внедорожник,внедорожник,внедорожник,
Mitsubishi,Aspire,седан,седан,легковой,
Mitsubishi,Bravo,минивэн,минивэн,легковой,
Mitsubishi,Carisma,седан,седан,легковой,
Mitsubishi,Celeste,купе,купе,легковой,
Mitsubishi,Challenger,внедорожник,внедорожник,внедорожник,
Mitsubishi,Colt,хэтчбек,хэтчбэк,легковой,
Mitsubishi,Cordia,купе,купе,легковой,
Mitsubishi,Delica,минивэн,минивэн,легковой,
Mitsubishi,Diamante,универсал,универсал,легковой,
Mitsubishi,Dingo,минивэн,минивэн,легковой,
Mitsubishi,Dion,минивэн,минивэн,легковой,
Mitsubishi,Eclipse,купе,купе,легковой,
Mitsubishi,Eclipse Cross,кроссовер,кроссовер,кроссовер,
Mitsubishi,Emeraude,седан,седан,легковой,
Mitsubishi,Endeavor,внедорожник,внедорожник,внедорожник,
Mitsubishi,FTO,купе,купе,легковой,
Mitsubishi,Galant,седан,седан,легковой,
Mitsubishi,Grandis,минивэн,минивэн,легковой,
Mitsubishi,L 200,пикап,внедорожник,внедорожник,2
Mitsubishi,L 400,минивэн,минивэн,легковой,
Mitsubishi,Lancer,седан,седан,легковой,
Mitsubishi,Lancer Evolution,седан,седан,легковой,
Mitsubishi,Lancer X,седан,седан,легковой,
Mitsubishi,Legnum,универсал,универсал,легковой,
Mitsubishi,Libero,универсал,универсал,легковой,
Mitsubishi,Magna,седан,седан,легковой,
Mitsubishi,Mirage,купе,купе,легковой,
Mitsubishi,Montero,внедорожник,внедорожник,внедорожник,
Mitsubishi,Montero Sport,внедорожник,внедорожник,внедорожник,
Mitsubishi,Outlander,внедорожник,внедорожник,внедорожник,
Mitsubishi,Outlander XL,внедорожник,внедорожник,внедорожник,
Mitsubishi,Pajero,внедорожник,внедорожник,внедорожник,
Mitsubishi,Pajero Junior,внедорожник,внедорожник,внедорожник,
Mitsubishi,Pajero Mini,внедорожник,внедорожник,внедорожник,
Mitsubishi,Pajero Pinin,внедорожник,внедорожник,внедорожник,
Mitsubishi,Pajero Sport,внедорожник,внедорожник,внедорожник,
Mitsubishi,Pajero iO,внедорожник,внедорожник,внедорожник,
Mitsubishi,RVR,внедорожник,внедорожник,внедорожник,
Mitsubishi,Sapporo,седан,седан,легковой,
Mitsubishi,Sigma,универсал,универсал,легковой,
Mitsubishi,Space Gear,минивэн,минивэн,легковой,
Mitsubishi,Space Runner,минивэн,минивэн,легковой,
Mitsubishi,Space Star,хэтчбек,хэтчбэк,легковой,
Mitsubishi,Space Wagon,минивэн,минивэн,легковой,
Mitsubishi,Starion,купе,купе,легковой,
Mitsubishi,Town Box,минивэн,минивэн,легковой,
Mitsubishi,Tredia,седан,седан,легковой,
Mitsubishi,Xpander,кроссовер,кроссовер,кроссовер,
Mitsubishi,i-MiEV,хэтчбек,хэтчбэк,легковой,
Mitsuoka,Viewt,седан,седан,легковой,
Morgan,4/4,кабриолет,кабриолет,легковой,
Morgan,Aero 8,кабриолет,кабриолет,легковой,
Morgan,Plus 4,кабриолет,кабриолет,легковой,
Morgan,Plus 8,кабриолет,кабриолет,легковой,
Morgan,Roadster,кабриолет,кабриолет,легковой,
Nissan,100 NX,купе,купе,легковой,
Nissan,180 SX,купе,купе,легковой,
Nissan,200 SX,купе,купе,легковой,
Nissan,300 ZX,купе,купе,легковой,
Nissan,350Z,кабриолет,кабриолет,легковой,
Nissan,370Z,родстер,родстер,легковой,
Nissan,AD,универсал,универсал,легковой,
Nissan,Almera,седан,седан,легковой,
Nissan,Almera Tino,минивэн,минивэн,легковой,
Nissan,Altima,седан,седан,легковой,
Nissan,Armada,внедорожник,внедорожник,внедорожник,
Nissan,Avenir,универсал,универсал,легковой,
Nissan,Bassara,минивэн,минивэн,легковой,
Nissan,Bluebird,седан,седан,легковой,
Nissan,Cedric,седан,седан,легковой,
Nissan,Cefiro,седан,седан,легковой,
Nissan,Cherry,хэтчбек,хэтчбэк,легковой,
Nissan,Cima,седан,седан,легковой,
Nissan,Crew,седан,седан,легковой,
Nissan,Cube,минивэн,минивэн,легковой,
Nissan,Datsun,пикап,внедорожник,внедорожник,2
Nissan,Datsun 280Z,хэтчбек,хэтчбэк,легковой,
Nissan,Elgrand,минивэн,минивэн,легковой,
Nissan,Evalia,минивэн,минивэн,легковой,
Nissan,Expert,универсал,универсал,легковой,
Nissan,Fairlady,купе,купе,легковой,
Nissan,Frontier,пикап,внедорожник,внедорожник,2
Nissan,GT-R,купе,купе,легковой,
Nissan,Juke,кроссовер,кроссовер,кроссовер,
Nissan,Lafesta,минивэн,минивэн,легковой,
Nissan,Largo,минивэн,минивэн,легковой,
Nissan,Laurel,седан,седан,легковой,
Nissan,Leaf,хэтчбек,хэтчбэк,легковой,
Nissan,Liberty,минивэн,минивэн,легковой,
Nissan,Lucino,универсал,универсал,легковой,
Nissan,Maxima,седан,седан,легковой,
Nissan,Micra,хэтчбек,хэтчбэк,легковой,
Nissan,Moco,минивэн,минивэн,легковой,
Nissan,Murano,внедорожник,внедорожник,внедорожник,
Nissan,NP300,пикап,внедорожник,внедорожник,2
Nissan,Navara,пикап,внедорожник,внедорожник,2
Nissan,Note,минивэн,минивэн,легковой,
Nissan,Pathfinder,внедорожник,внедорожник,внедорожник,
Nissan,Patrol,внедорожник,внедорожник,внедорожник,
Nissan,Pick Up,пикап,внедорожник,внедорожник,2
Nissan,Pixo,хэтчбек,хэтчбэк,легковой,
Nissan,Prairie,минивэн,минивэн,легковой,
Nissan,Presage,минивэн,минивэн,легковой,
Nissan,Presea,седан,седан,легковой,
Nissan,Primastar,минивэн,минивэн,легковой,
Nissan,Primera,седан,седан,легковой,
Nissan,Pulsar,кроссовер,кроссовер,кроссовер,
Nissan,Qashqai,кроссовер,кроссовер,кроссовер,
Nissan,Qashqai+2,кроссовер,кроссовер,кроссовер,
Nissan,Quest,минивэн,минивэн,легковой,
Nissan,R`Nessa,минивэн,минивэн,легковой,
Nissan,Rogue,кроссовер,кроссовер,кроссовер,
Nissan,Roox,хэтчбек,хэтчбэк,легковой,
Nissan,Sentra,седан,седан,легковой,
Nissan,Serena,минивэн,минивэн,легковой,
Nissan,Silvia,купе,купе,легковой,
Nissan,Skyline,купе,купе,легковой,
Nissan,Stagea,универсал,универсал,легковой,
Nissan,Stanza,седан,седан,легковой,
Nissan,Sunny,универсал,универсал,легковой,
Nissan,Teana,седан,седан,легковой,
Nissan,Terrano,внедорожник,внедорожник,внедорожник,
Nissan,Tiida,хэтчбек,хэтчбэк,легковой,
Nissan,Tino,минивэн,минивэн,легковой,
Nissan,Titan,пикап,внедорожник,внедорожник,2
Nissan,Vanette,минивэн,минивэн,легковой,
Nissan,Versa,седан,седан,легковой,
Nissan,Wingroad,универсал,универсал,легковой,
Nissan,X-Terra,внедорожник,внедорожник,внедорожник,
Nissan,X-Trail,внедорожник,внедорожник,внедорожник,
Noble,M12,хэтчбек,хэтчбэк,легковой,
Noble,M14,хэтчбек,хэтчбэк,легковой,
Noble,M400,хэтчбек,хэтчбэк,легковой,
Opel,Adam,хэтчбек,хэтчбэк,легковой,
Opel,Agila,минивэн,минивэн,легковой,
Opel,Ampera,хэтчбек,хэтчбэк,легковой,
Opel,Antara,внедорожник,внедорожник,внедорожник,
Opel,Ascona,седан,седан,легковой,
Opel,Astra,универсал,универсал,легковой,
Opel,Calibra,купе,купе,легковой,
Opel,Cascada,кабриолет,кабриолет,легковой,
Opel,Combo,минивэн,минивэн,легковой,
Opel,Commodore,универсал,универсал,легковой,
Opel,Corsa,хэтчбек,хэтчбэк,легковой,
Opel,Crossland X,кроссовер,кроссовер,кроссовер,
Opel,Frontera,внедорожник,внедорожник,внедорожник,
Opel,GT,кабриолет,кабриолет,легковой,
Opel,Grandland X,кроссовер,кроссовер,кроссовер,
Opel,Insignia,лифтбек,лифтбек,легковой,
Opel,Kadett,кабриолет,кабриолет,легковой,
Opel,Karl,хэтчбек,хэтчбэк,легковой,
Opel,Manta,купе,купе,легковой,
Opel,Meriva,минивэн,минивэн,легковой,
Opel,Mokka,кроссовер,кроссовер,кроссовер,
Opel,Monterey,внедорожник,внедорожник,внедорожник,
Opel,Monza,купе,купе,легковой,
Opel,Omega,седан,седан,легковой,
Opel,Record,седан,седан,легковой,
Opel,Senator,седан,седан,легковой,
Opel,Signum,хэтчбек,хэтчбэк,легковой,
Opel,Sintra,минивэн,минивэн,легковой,
Opel,Speedster,кабриолет,кабриолет,легковой,
Opel,Tigra,кабриолет,кабриолет,легковой,
Opel,Tour,минивэн,минивэн,легковой,
Opel,Vectra,седан,седан,легковой,
Opel,Vivaro,минивэн,минивэн,легковой,
Opel,Zafira,минивэн,минивэн,легковой,
Packard,Patrician,седан,седан,легковой,
Peugeot,1007,минивэн,минивэн,легковой,
Peugeot,104,хэтчбек,хэтчбэк,легковой,
Peugeot,106,хэтчбек,хэтчбэк,легковой,
Peugeot,107,хэтчбек,хэтчбэк,легковой,
Peugeot,108,хэтчбек,хэтчбэк,легковой,
Peugeot,2008,кроссовер,кроссовер,кроссовер,
Peugeot,205,кабриолет,кабриолет,легковой,
Peugeot,206,хэтчбек,хэтчбэк,легковой,
Peugeot,206 CC,кабриолет,кабриолет,легковой,
Peugeot,207,универсал,универсал,легковой,
Peugeot,207 СС,кабриолет,кабриолет,легковой,
Peugeot,208,хэтчбек,хэтчбэк,легковой,
Peugeot,3008,кроссовер,кроссовер,кроссовер,
Peugeot,301,седан,седан,легковой,
Peugeot,305,седан,седан,легковой,
Peugeot,306,кабриолет,кабриолет,легковой,
Peugeot,307,универсал,универсал,легковой,
Peugeot,307 CC,кабриолет,кабриолет,легковой,
Peugeot,308,универсал,универсал,легковой,
Peugeot,308 CC,кабриолет,кабриолет,легковой,
Peugeot,309,хэтчбек,хэтчбэк,легковой,
Peugeot,4007,внедорожник,внедорожник,внедорожник,
Peugeot,4008,кроссовер,кроссовер,кроссовер,
Peugeot,405,седан,седан,легковой,
Peugeot,406,купе,купе,легковой,
Peugeot,407,купе,купе,легковой,
Peugeot,408,седан,седан,легковой,
Peugeot,5008,кроссовер,кроссовер,кроссовер,
Peugeot,504,кабриолет,кабриолет,легковой,
Peugeot,505,седан,седан,легковой,
Peugeot,508,лифтбек,лифтбек,легковой,
Peugeot,604,седан,седан,легковой,
Peugeot,605,седан,седан,легковой,
Peugeot,607,седан,седан,легковой,
Peugeot,806,минивэн,минивэн,легковой,
Peugeot,807,минивэн,минивэн,легковой,
Peugeot,Bipper,минивэн,минивэн,легковой,
Peugeot,Expert,минивэн,минивэн,легковой,
Peugeot,Ion,хэтчбек,хэтчбэк,легковой,
Peugeot,J9,минивэн,минивэн,легковой,
Peugeot,Partner,минивэн,минивэн,легковой,
Peugeot,RCZ,купе,купе,легковой,
Peugeot,Traveller,минивэн,минивэн,легковой,
Plymouth,Acclaim,седан,седан,легковой,
Plymouth,Barracuda,купе,купе,легковой,
Plymouth,Breeze,седан,седан,легковой,
Plymouth,Grand Voyager,минивэн,минивэн,легковой,
Plymouth,Neon,купе,купе,легковой,
Plymouth,Prowler,родстер,родстер,легковой,
Plymouth,Sundance,хэтчбек,хэтчбэк,легковой,
Plymouth,Voyager,минивэн,минивэн,легковой,
Pontiac,6000,седан,седан,легковой,
Pontiac,Aztec,кроссовер,кроссовер,кроссовер,
Pontiac,Bonneville,седан,седан,легковой,
Pontiac,Firebird,кабриолет,кабриолет,легковой,
Pontiac,GTO,купе,купе,легковой,
Pontiac,Grand Prix,купе,купе,легковой,
Pontiac,Montana,минивэн,минивэн,легковой,
Pontiac,Sunfire,купе,купе,легковой,
Pontiac,Trans Sport,минивэн,минивэн,легковой,
Pontiac,Vibe,внедорожник,внедорожник,внедорожник,
Porsche,911,кабриолет,кабриолет,легковой,
Porsche,918,родстер,родстер,легковой,
Porsche,924,купе,купе,легковой,
Porsche,928,купе,купе,легковой,
Porsche,944,кабриолет,кабриолет,легковой,
Porsche,968,кабриолет,кабриолет,легковой,
Porsche,Boxter,родстер,родстер,легковой,
Porsche,Carrera GT,кабриолет,кабриолет,легковой,
Porsche,Cayenne,внедорожник,внедорожник,внедорожник,
Porsche,Cayman,купе,купе,легковой,
Porsche,Macan,кроссовер,кроссовер,кроссовер,
Porsche,Panamera,универсал,универсал,легковой,
Proton,Impian,седан,седан,легковой,
Proton,Persona,хэтчбек,хэтчбэк,легковой,
Proton,Putra,купе,купе,легковой,
Proton,Saga,седан,седан,легковой,
Proton,Waja,седан,седан,легковой,
Ravon,Gentra,седан,седан,легковой,
Ravon,Nexia R3,седан,седан,легковой,
Ravon,R2,хэтчбек,хэтчбэк,легковой,
Ravon,R4,седан,седан,легковой,
Renault,11,хэтчбек,хэтчбэк,легковой,
Renault,14,хэтчбек,хэтчбэк,легковой,
Renault,18,седан,седан,легковой,
Renault,19,хэтчбек,хэтчбэк,легковой,
Renault,20,хэтчбек,хэтчбэк,легковой,
Renault,21,седан,седан,легковой,
Renault,25,хэтчбек,хэтчбэк,легковой,
Renault,30,хэтчбек,хэтчбэк,легковой,
Renault,4,хэтчбек,хэтчбэк,легковой,
Renault,5,хэтчбек,хэтчбэк,легковой,
Renault,9,седан,седан,легковой,
Renault,Alaskan,пикап,внедорожник,внедорожник,2
Renault,Alpine,купе,купе,легковой,
Renault,Avantime,минивэн,минивэн,легковой,
Renault,Captur,кроссовер,кроссовер,кроссовер,
Renault,Clio,универсал,универсал,легковой,
Renault,Clio Symbol,седан,седан,легковой,
Renault,Duster,кроссовер,кроссовер,кроссовер,
Renault,Espace,минивэн,минивэн,легковой,
Renault,Fluence,седан,седан,легковой,
Renault,Fuego,купе,купе,легковой,
Renault,Grand Espace,минивэн,минивэн,легковой,
Renault,Grand Scenic,минивэн,минивэн,легковой,
Renault,Kadjar,кроссовер,кроссовер,кроссовер,
Renault,Kangoo,минивэн,минивэн,легковой,
Renault,Kaptur,кроссовер,кроссовер,кроссовер,
Renault,Koleos,кроссовер,кроссовер,кроссовер,
Renault,Laguna,универсал,универсал,легковой,
Renault,Latitude,седан,седан,легковой,
Renault,Lodgy,минивэн,минивэн,легковой,
Renault,Logan,седан,седан,легковой,
Renault,Master,минивэн,минивэн,легковой,
Renault,Megane,седан,седан,легковой,
Renault,Modus,минивэн,минивэн,легковой,
Renault,Nevada,универсал,универсал,легковой,
Renault,Safrane,хэтчбек,хэтчбэк,легковой,
Renault,Sandero,хэтчбек,хэтчбэк,легковой,
Renault,Scenic,минивэн,минивэн,легковой,
Renault,Scenic RX4,минивэн,минивэн,легковой,
Renault,Scenic XMOD,кроссовер,кроссовер,кроссовер,
Renault,Sport Spider,кабриолет,кабриолет,легковой,
Renault,Symbol,седан,седан,легковой,
Renault,Talisman,седан,седан,легковой,
Renault,Trafic,минивэн,минивэн,легковой,
Renault,Twingo,хэтчбек,хэтчбэк,легковой,
Renault,Twizy,хэтчбек,хэтчбэк,легковой,
Renault,Vel Satis,хэтчбек,хэтчбэк,легковой,
Renault,Wind,купе,купе,легковой,
Rolls Royce,100EX,кабриолет,кабриолет,легковой,
Rolls Royce,Corniche,кабриолет,кабриолет,легковой,
Rolls Royce,Cullinan,внедорожник,внедорожник,внедорожник,
Rolls Royce,Dawn,кабриолет,кабриолет,легковой,
Rolls Royce,Ghost,седан,седан,легковой,
Rolls Royce,Park Ward,седан,седан,легковой,
Rolls Royce,Phantom,седан,седан,легковой,
Rolls Royce,Silver Seraph,седан,седан,легковой,
Rolls Royce,Silver Shadow,седан,седан,легковой,
Rolls Royce,Silver Spur,седан,седан,легковой,
Rolls Royce,Wraith,купе,купе,легковой,
Rover,100-serie,кабриолет,кабриолет,легковой,
Rover,200-serie,кабриолет,кабриолет,легковой,
Rover,25,хэтчбек,хэтчбэк,легковой,
Rover,400-serie,хэтчбек,хэтчбэк,легковой,
Rover,45,седан,седан,легковой,
Rover,600-serie,седан,седан,легковой,
Rover,75,седан,седан,легковой,
Rover,800-serie,купе,купе,легковой,
Rover,CityRover,хэтчбек,хэтчбэк,легковой,
Rover,Estate,универсал,универсал,легковой,
Rover,Maestro,хэтчбек,хэтчбэк,легковой,
Rover,Mini,хэтчбек,хэтчбэк,легковой,
Rover,Montego,седан,седан,легковой,
Rover,SD1,хэтчбек,хэтчбэк,легковой,
Rover,Streetwise,хэтчбек,хэтчбэк,легковой,
Rover,Tourer,универсал,универсал,легковой,
Saab,9-3,кабриолет,кабриолет,легковой,
Saab,9-4x,кроссовер,кроссовер,кроссовер,
Saab,9-5,универсал,универсал,легковой,
Saab,9-7X,универсал,универсал,легковой,
Saab,90,седан,седан,легковой,
Saab,900,кабриолет,кабриолет,легковой,
Saab,9000,седан,седан,легковой,
Saab,96,седан,седан,легковой,
Santana,PS-10,внедорожник,внедорожник,внедорожник,
Saturn,ION,седан,седан,легковой,
Scion,FR-S,купе,купе,легковой,
Scion,xB,универсал,универсал,легковой,
Seat,Alhambra,минивэн,минивэн,легковой,
Seat,Altea,минивэн,минивэн,легковой,
Seat,Arona,внедорожник,внедорожник,внедорожник,
Seat,Arosa,хэтчбек,хэтчбэк,легковой,
Seat,Ateca,кроссовер,кроссовер,кроссовер,
Seat,Cordoba,седан,седан,легковой,
Seat,Exeo,седан,седан,легковой,
Seat,Fura,хэтчбек,хэтчбэк,легковой,
Seat,Ibiza,хэтчбек,хэтчбэк,легковой,
Seat,Inca,универсал,универсал,легковой,
Seat,Leon,универсал,универсал,легковой,
Seat,Leon X-Perience,универсал,универсал,легковой,
Seat,Malaga,седан,седан,легковой,
Seat,Marbella Besito,хэтчбек,хэтчбэк,легковой,
Seat,Mii,хэтчбек,хэтчбэк,легковой,
Seat,Ronda,хэтчбек,хэтчбэк,легковой,
Seat,Toledo,хэтчбек,хэтчбэк,легковой,
ShuangHuan,Sceo,внедорожник,внедорожник,внедорожник,
Skoda,100-Serie,седан,седан,легковой,
Skoda,105,седан,седан,легковой,
Skoda,136 R Coupe,купе,купе,легковой,
Skoda,Citigo,хэтчбек,хэтчбэк,легковой,
Skoda,Fabia,универсал,универсал,легковой,
Skoda,Favorit,универсал,универсал,легковой,
Skoda,Felicia,универсал,универсал,легковой,
Skoda,Forman,универсал,универсал,легковой,
Skoda,Karoq,внедорожник,внедорожник,внедорожник,
Skoda,Kodiaq,внедорожник,внедорожник,внедорожник,
Skoda,Octavia,лифтбек,лифтбек,легковой,
Skoda,Rapid,лифтбек,лифтбек,легковой,
Skoda,Roomster,минивэн,минивэн,легковой,
Skoda,Superb,седан,седан,легковой,
Skoda,Yeti,кроссовер,кроссовер,кроссовер,
Smart,City Coupe,хэтчбек,хэтчбэк,легковой,
Smart,Crossblade,кабриолет,кабриолет,легковой,
Smart,Forfour,хэтчбек,хэтчбэк,легковой,
Smart,Fortwo,кабриолет,кабриолет,легковой,
Smart,Roadster,кабриолет,кабриолет,легковой,
Smart,Roadster Coupe,кабриолет,кабриолет,легковой,
Ssang Yong,Actyon,внедорожник,внедорожник,внедорожник,
Ssang Yong,Chairman,седан,седан,легковой,
Ssang Yong,Family,внедорожник,внедорожник,внедорожник,
Ssang Yong,Istana,минивэн,минивэн,легковой,
Ssang Yong,Kallista,кабриолет,кабриолет,легковой,
Ssang Yong,Korando,внедорожник,внедорожник,внедорожник,
Ssang Yong,Kyron,внедорожник,внедорожник,внедорожник,
Ssang Yong,Musso,внедорожник,внедорожник,внедорожник,
Ssang Yong,Rexton,внедорожник,внедорожник,внедорожник,
Ssang Yong,Rodius,минивэн,минивэн,легковой,
Ssang Yong,Stavic,минивэн,минивэн,легковой,
Ssang Yong,Tager,внедорожник,внедорожник,внедорожник,
Ssang Yong,Tivoli,внедорожник,внедорожник,внедорожник,
Ssang Yong,Tivoli XLV,кроссовер,кроссовер,кроссовер,
Subaru,Alcyone / XT,купе,купе,легковой,
Subaru,Ascent,кроссовер,кроссовер,кроссовер,
Subaru,B9 Tribeca,внедорожник,внедорожник,внедорожник,
Subaru,BRZ,купе,купе,легковой,
Subaru,Baja,пикап,внедорожник,внедорожник,2
Subaru,E-Wagon,минивэн,минивэн,легковой,
Subaru,Forester,внедорожник,внедорожник,внедорожник,
Subaru,Impreza,седан,седан,легковой,
Subaru,Impreza WRX,седан,седан,легковой,
Subaru,Impreza Wagon,универсал,универсал,легковой,
Subaru,Impreza XV,кроссовер,кроссовер,кроссовер,
Subaru,Justy,хэтчбек,хэтчбэк,легковой,
Subaru,L,купе,купе,легковой,
Subaru,Legacy,седан,седан,легковой,
Subaru,Levorg,универсал,универсал,легковой,
Subaru,Libero,минивэн,минивэн,легковой,
Subaru,Mini Jumbo,хэтчбек,хэтчбэк,легковой,
Subaru,Outback / Lancaster,универсал,универсал,легковой,
Subaru,Pleo,хэтчбек,хэтчбэк,легковой,
Subaru,R1,хэтчбек,хэтчбэк,легковой,
Subaru,R2,хэтчбек,хэтчбэк,легковой,
Subaru,SVX,купе,купе,легковой,
Subaru,Sambar,минивэн,минивэн,легковой,
Subaru,Stella,универсал,универсал,легковой,
Subaru,Traviq,минивэн,минивэн,легковой,
Subaru,Trezia,хэтчбек,хэтчбэк,легковой,
Subaru,Tribeca,внедорожник,внедорожник,внедорожник,
Subaru,Vivio,хэтчбек,хэтчбэк,легковой,
Subaru,XV,кроссовер,кроссовер,кроссовер,
Suzuki,Aerio,седан,седан,легковой,
Suzuki,Alto,хэтчбек,хэтчбэк,легковой,
Suzuki,Baleno,хэтчбек,хэтчбэк,легковой,
Suzuki,Cappuccino,кабриолет,кабриолет,легковой,
Suzuki,Cara,купе,купе,легковой,
Suzuki,Celerio,хэтчбек,хэтчбэк,легковой,
Suzuki,Cultus,хэтчбек,хэтчбэк,легковой,
Suzuki,Escudo,внедорожник,внедорожник,внедорожник,
Suzuki,Every,минивэн,минивэн,легковой,
Suzuki,Forenza,седан,седан,легковой,
Suzuki,Grand Vitara,внедорожник,внедорожник,внедорожник,
Suzuki,Grand Vitara XL-7,внедорожник,внедорожник,внедорожник,
Suzuki,Ignis,хэтчбек,хэтчбэк,легковой,
Suzuki,Jimny,внедорожник,внедорожник,внедорожник,
Suzuki,Kei,хэтчбек,хэтчбэк,легковой,
Suzuki,Kizashi,седан,седан,легковой,
Suzuki,Lapin,хэтчбек,хэтчбэк,легковой,
Suzuki,Liana,седан,седан,легковой,
Suzuki,Reno,хэтчбек,хэтчбэк,легковой,
Suzuki,SJ,внедорожник,внедорожник,внедорожник,
Suzuki,SX4,кроссовер,кроссовер,легковой,1
Suzuki,Samurai,внедорожник,внедорожник,внедорожник,
Suzuki,Solio,минивэн,минивэн,легковой,
Suzuki,Splash,хэтчбек,хэтчбэк,легковой,
Suzuki,Swift,хэтчбек,хэтчбэк,легковой,
Suzuki,Verona,седан,седан,легковой,
Suzuki,Vitara,внедорожник,внедорожник,внедорожник,
Suzuki,Wagon R+,минивэн,минивэн,легковой,
Suzuki,X-90,внедорожник,внедорожник,внедорожник,
Suzuki,XL7,внедорожник,внедорожник,внедорожник,
TVR,Cerbera,купе,купе,легковой,
TVR,Chimaera,кабриолет,кабриолет,легковой,
TVR,Griffith,кабриолет,кабриолет,легковой,
TVR,Sagaris,кабриолет,кабриолет,легковой,
TVR,Tuscan,кабриолет,кабриолет,легковой,
Talbot,1100,универсал,универсал,легковой,
Talbot,1510,хэтчбек,хэтчбэк,легковой,
Talbot,Horizon,хэтчбек,хэтчбэк,легковой,
Talbot,Matra Murena,купе,купе,легковой,
Talbot,Matra Rancho,универсал,универсал,легковой,
Talbot,Samba,кабриолет,кабриолет,легковой,
Talbot,Solara,седан,седан,легковой,
Talbot,Sunbeam,хэтчбек,хэтчбэк,легковой,
Talbot,Tagora,седан,седан,легковой,
Tata,Indica,хэтчбек,хэтчбэк,легковой,
Tata,Safari,внедорожник,внедорожник,внедорожник,
Tata,Sumo,внедорожник,внедорожник,внедорожник,
Tata,Telcoline,пикап,внедорожник,внедорожник,2
Tesla,Model 3,седан,седан,легковой,
Tesla,Model S,хэтчбек,хэтчбэк,легковой,
Tesla,Model X,внедорожник,внедорожник,внедорожник,
Tianma,Century,пикап,внедорожник,внедорожник,2
Tianma,Hero,внедорожник,внедорожник,внедорожник,
Tianye,Admiral,внедорожник,внедорожник,внедорожник,
Tianye,Banner,пикап,внедорожник,внедорожник,2
Toyota,4 Runner,внедорожник,внедорожник,внедорожник,
Toyota,Allex,хэтчбек,хэтчбэк,легковой,
Toyota,Allion,седан,седан,легковой,
Toyota,Alphard,минивэн,минивэн,легковой,
Toyota,Altezza,седан,седан,легковой,
Toyota,Aristo,седан,седан,легковой,
Toyota,Aurion,седан,седан,легковой,
Toyota,Auris,универсал,универсал,легковой,
Toyota,Avalon,седан,седан,легковой,
Toyota,Avensis,седан,седан,легковой,
Toyota,Avensis Verso,минивэн,минивэн,легковой,
Toyota,Aygo,хэтчбек,хэтчбэк,легковой,
Toyota,BB,универсал,универсал,легковой,
Toyota,Belta,седан,седан,легковой,
Toyota,Blizzard,внедорожник,внедорожник,внедорожник,
Toyota,Brevis,седан,седан,легковой,
Toyota,C-HR,кроссовер,кроссовер,кроссовер,
Toyota,Caldina,универсал,универсал,легковой,
Toyota,Cami,внедорожник,внедорожник,внедорожник,
Toyota,Camry,седан,седан,легковой,
Toyota,Carina,седан,седан,легковой,
Toyota,Carina E,седан,седан,легковой,
Toyota,Celica,купе,купе,легковой,
Toyota,Century,седан,седан,легковой,
Toyota,Chaser,седан,седан,легковой,
Toyota,Corolla,седан,седан,легковой,
Toyota,Corolla Axio,седан,седан,легковой,
Toyota,Corolla Ceres,седан,седан,легковой,
Toyota,Corolla Fielder,универсал,универсал,легковой,
Toyota,Corolla Spacio,минивэн,минивэн,легковой,
Toyota,Corolla Verso,минивэн,минивэн,легковой,
Toyota,Corona,седан,седан,легковой,
Toyota,Cressida,седан,седан,легковой,
Toyota,Cresta,седан,седан,легковой,
Toyota,Crown,седан,седан,легковой,
Toyota,Curren,купе,купе,легковой,
Toyota,Cynos,кабриолет,кабриолет,легковой,
Toyota,Duet,хэтчбек,хэтчбэк,легковой,
Toyota,Estima,минивэн,минивэн,легковой,
Toyota,FJ Cruiser,внедорожник,внедорожник,внедорожник,
Toyota,Fortuner,внедорожник,внедорожник,внедорожник,
Toyota,Funcargo,минивэн,минивэн,легковой,
Toyota,Funcruiser,внедорожник,внедорожник,внедорожник,
Toyota,GT86,купе,купе,легковой,
Toyota,Harrier,внедорожник,внедорожник,внедорожник,
Toyota,Hiace,минивэн,минивэн,легковой,
Toyota,Highlander,внедорожник,внедорожник,внедорожник,
Toyota,Hilux,пикап,внедорожник,внедорожник,2
Toyota,Hilux Surf,внедорожник,внедорожник,внедорожник,
Toyota,Ipsum,минивэн,минивэн,легковой,
Toyota,Isis,минивэн,минивэн,легковой,
Toyota,Ist,хэтчбек,хэтчбэк,легковой,
Toyota,Kluger,внедорожник,внедорожник,внедорожник,
Toyota,Land Cruiser,внедорожник,внедорожник,внедорожник,
Toyota,Land Cruiser Prado,внедорожник,внедорожник,внедорожник,
Toyota,MR2,кабриолет,кабриолет,легковой,
Toyota,Mark II,универсал,универсал,легковой,
Toyota,Mark X,универсал,универсал,легковой,
Toyota,Matrix,внедорожник,внедорожник,внедорожник,
Toyota,Mega Cruiser,внедорожник,внедорожник,внедорожник,
Toyota,Mirai,седан,седан,легковой,
Toyota,Nadia,минивэн,минивэн,легковой,
Toyota,Noah,минивэн,минивэн,легковой,
Toyota,Opa,минивэн,минивэн,легковой,
Toyota,Origin,седан,седан,легковой,
Toyota,Paseo,купе,купе,легковой,
Toyota,Passo,хэтчбек,хэтчбэк,легковой,
Toyota,Picnic,минивэн,минивэн,легковой,
Toyota,Platz,седан,седан,легковой,
Toyota,Porte,минивэн,минивэн,легковой,
Toyota,Premio,седан,седан,легковой,
Toyota,Previa,минивэн,минивэн,легковой,
Toyota,Prius,хэтчбек,хэтчбэк,легковой,
Toyota,Probox,универсал,универсал,легковой,
Toyota,Progres,седан,седан,легковой,
Toyota,Pronard,седан,седан,легковой,
Toyota,RAV-4,внедорожник,внедорожник,внедорожник,
Toyota,Ractis,хэтчбек,хэтчбэк,легковой,
Toyota,Raum,минивэн,минивэн,легковой,
Toyota,Regius,минивэн,минивэн,легковой,
Toyota,Rush,внедорожник,внедорожник,внедорожник,
Toyota,Sai,седан,седан,легковой,
Toyota,Scepter,седан,седан,легковой,
Toyota,Scion,купе,купе,легковой,
Toyota,Sequoia,внедорожник,внедорожник,внедорожник,
Toyota,Sera,купе,купе,легковой,
Toyota,Sienna,минивэн,минивэн,легковой,
Toyota,Sienta,минивэн,минивэн,легковой,
Toyota,Sparky,минивэн,минивэн,легковой,
Toyota,Sprinter Carib,универсал,универсал,легковой,
Toyota,Starlet,хэтчбек,хэтчбэк,легковой,
Toyota,Succeed,универсал,универсал,легковой,
Toyota,Supra,купе,купе,легковой,
Toyota,Tacoma,пикап,внедорожник,внедорожник,2
Toyota,Tercel,хэтчбек,хэтчбэк,легковой,
Toyota,Town Ace,минивэн,минивэн,легковой,
Toyota,Tundra,пикап,внедорожник,внедорожник,2
Toyota,Urban Cruiser,кроссовер,кроссовер,кроссовер,
Toyota,Vanguard,внедорожник,внедорожник,внедорожник,
Toyota,Vellfire,минивэн,минивэн,легковой,
Toyota,Venza,кроссовер,кроссовер,кроссовер,
Toyota,Verossa,седан,седан,легковой,
Toyota,Verso,минивэн,минивэн,легковой,
Toyota,Vios,седан,седан,легковой,
Toyota,Vista,седан,седан,легковой,
Toyota,Vitz,хэтчбек,хэтчбэк,легковой,
Toyota,Voltz,внедорожник,внедорожник,внедорожник,
Toyota,Voxy,минивэн,минивэн,легковой,
Toyota,Will Cypha,хэтчбек,хэтчбэк,легковой,
Toyota,Will Vs,хэтчбек,хэтчбэк,легковой,
Toyota,Windom,седан,седан,легковой,
Toyota,Wish,минивэн,минивэн,легковой,
Toyota,Yaris,хэтчбек,хэтчбэк,легковой,
Toyota,iQ,хэтчбек,хэтчбэк,легковой,
Trabant,601,седан,седан,легковой,
Venturi,260 Cabrio,кабриолет,кабриолет,легковой,
Venturi,260 Coupe,купе,купе,легковой,
Venturi,300 Atlantique,купе,купе,легковой,
Venturi,400 GT,купе,купе,легковой,
Venturi,Fetish,кабриолет,кабриолет,легковой,
Volkswagen,Amarok,пикап,внедорожник,внедорожник,2
Volkswagen,Arteon,хэтчбек,хэтчбэк,легковой,
Volkswagen,Beetle,хэтчбек,хэтчбэк,легковой,
Volkswagen,Bora,универсал,универсал,легковой,
Volkswagen,Caddy,минивэн,минивэн,легковой,
Volkswagen,Caravelle,минивэн,минивэн,легковой,
Volkswagen,Corrado,купе,купе,легковой,
Volkswagen,Derby,седан,седан,легковой,
Volkswagen,Eos,кабриолет,кабриолет,легковой,
Volkswagen,Fox,хэтчбек,хэтчбэк,легковой,
Volkswagen,Golf,универсал,универсал,легковой,
Volkswagen,Golf Plus,минивэн,минивэн,легковой,
Volkswagen,Golf Sportsvan,минивэн,минивэн,легковой,
Volkswagen,Iltis,внедорожник,внедорожник,внедорожник,
Volkswagen,Jetta,седан,седан,легковой,
Volkswagen,LT,минивэн,минивэн,легковой,
Volkswagen,Lupo,хэтчбек,хэтчбэк,легковой,
Volkswagen,Multivan,минивэн,минивэн,легковой,
Volkswagen,Parati,универсал,универсал,легковой,
Volkswagen,Passat,седан,седан,легковой,
Volkswagen,Passat CC,седан,седан,легковой,
Volkswagen,Phaeton,седан,седан,легковой,
Volkswagen,Pointer,хэтчбек,хэтчбэк,легковой,
Volkswagen,Polo,хэтчбек,хэтчбэк,легковой,
Volkswagen,Polo Fun,хэтчбек,хэтчбэк,легковой,
Volkswagen,Quantum,универсал,универсал,легковой,
Volkswagen,Routan,минивэн,минивэн,легковой,
Volkswagen,Santana,седан,седан,легковой,
Volkswagen,Scirocco,купе,купе,легковой,
Volkswagen,Sharan,минивэн,минивэн,легковой,
Volkswagen,T-Roc,кроссовер,кроссовер,кроссовер,
Volkswagen,Teramont,внедорожник,внедорожник,внедорожник,
Volkswagen,Tiguan,внедорожник,внедорожник,внедорожник,
Volkswagen,Touareg,внедорожник,внедорожник,внедорожник,
Volkswagen,Touran,минивэн,минивэн,легковой,
Volkswagen,Up,хэтчбек,хэтчбэк,легковой,
Volkswagen,Vento,седан,седан,легковой,
Volvo,240,седан,седан,легковой,
Volvo,244,седан,седан,легковой,
Volvo,245,универсал,универсал,легковой,
Volvo,264,седан,седан,легковой,
Volvo,265,универсал,универсал,легковой,
Volvo,340-360,седан,седан,легковой,
Volvo,343,хэтчбек,хэтчбэк,легковой,
Volvo,345,хэтчбек,хэтчбэк,легковой,
Volvo,360,седан,седан,легковой,
Volvo,440,хэтчбек,хэтчбэк,легковой,
Volvo,460,седан,седан,легковой,
Volvo,480,купе,купе,легковой,
Volvo,740,седан,седан,легковой,
Volvo,760,седан,седан,легковой,
Volvo,780,купе,купе,легковой,
Volvo,850,седан,седан,легковой,
Volvo,940,седан,седан,легковой,
Volvo,960,седан,седан,легковой,
Volvo,C30,хэтчбек,хэтчбэк,легковой,
Volvo,C70,кабриолет,кабриолет,легковой,
Volvo,Polar,седан,седан,легковой,
Volvo,S40,седан,седан,легковой,
Volvo,S60,седан,седан,легковой,
Volvo,S60 Cross Country,седан,седан,легковой,
Volvo,S70,седан,седан,легковой,
Volvo,S80,седан,седан,легковой,
Volvo,S90,седан,седан,легковой,
Volvo,V40,хэтчбек,хэтчбэк,легковой,
Volvo,V40 Cross Country,хэтчбек,хэтчбэк,легковой,
Volvo,V50,универсал,универсал,легковой,
Volvo,V60,универсал,универсал,легковой,
Volvo,V60 Cross Country,универсал,универсал,легковой,
Volvo,V70,универсал,универсал,легковой,
Volvo,V90,универсал,универсал,легковой,
Volvo,V90 Cross Country,универсал,универсал,легковой,2
Volvo,XC40,кроссовер,кроссовер,кроссовер,
Volvo,XC60,кроссовер,кроссовер,кроссовер,
Volvo,XC70,универсал,универсал,легковой,
Volvo,XC90,внедорожник,внедорожник,внедорожник,
Vortex,Corda,седан,седан,легковой,
Vortex,Estina,седан,седан,легковой,
Vortex,Tingo,внедорожник,внедорожник,внедорожник,
Wartburg,353,седан,седан,легковой,
Xinkai,SR-V X3,внедорожник,внедорожник,внедорожник,
ZX,Grand Tiger,пикап,внедорожник,внедорожник,2
ZX,Landmark,внедорожник,внедорожник,внедорожник,
Zotye,Coupa,внедорожник,внедорожник,внедорожник,
Zotye,T600,кроссовер,кроссовер,кроссовер,
ВАЗ,1922,внедорожник,внедорожник,внедорожник,
ВАЗ,2101,седан,седан,легковой,
ВАЗ,2102,универсал,универсал,легковой,
ВАЗ,2103,седан,седан,легковой,
ВАЗ,2104,универсал,универсал,легковой,
ВАЗ,2105,седан,седан,легковой,
ВАЗ,2106,седан,седан,легковой,
ВАЗ,2107,седан,седан,легковой,
ВАЗ,2108,хэтчбек,хэтчбэк,легковой,
ВАЗ,2109,хэтчбек,хэтчбэк,легковой,
ВАЗ,21099,седан,седан,легковой,
ВАЗ,2110,седан,седан,легковой,
ВАЗ,2111,универсал,универсал,легковой,
ВАЗ,2112,хэтчбек,хэтчбэк,легковой,
ВАЗ,2113,хэтчбек,хэтчбэк,легковой,
ВАЗ,2114,хэтчбек,хэтчбэк,легковой,
ВАЗ,2115,седан,седан,легковой,
ВАЗ,2121,внедорожник,внедорожник,внедорожник,
ВАЗ,2123,внедорожник,внедорожник,внедорожник,
ВАЗ,2129,внедорожник,внедорожник,внедорожник,
ВАЗ,2131,внедорожник,внедорожник,внедорожник,
ВАЗ,2329,внедорожник,внедорожник,внедорожник,
ВАЗ,Granta,лифтбек,лифтбек,легковой,
ВАЗ,Largus,универсал,универсал,легковой,
ВАЗ,Priora,седан,седан,легковой,
ВАЗ,Vesta,кроссовер,кроссовер,кроссовер,
ВАЗ,Xray,хэтчбек,хэтчбэк,легковой,
ВАЗ,Богдан,пикап,пикап,легковой,
ВАЗ,Калина,универсал,универсал,легковой,
ВАЗ,Надежда,минивэн,минивэн,легковой,
ВАЗ,ОКА,хэтчбек,хэтчбэк,легковой,
ВИС,2345,пикап,внедорожник,легковой,
ВИС,2346,пикап,внедорожник,внедорожник,
ВИС,2347,пикап,внедорожник,внедорожник,
ВИС,2349,пикап,внедорожник,внедорожник,
ГАЗ,21,седан,седан,легковой,
ГАЗ,22,седан,седан,легковой,
ГАЗ,24,седан,седан,легковой,
ГАЗ,3102,седан,седан,легковой,
ГАЗ,31029,седан,седан,легковой,
ГАЗ,3103,седан,седан,легковой,
ГАЗ,3104,седан,седан,легковой,
ГАЗ,3105,седан,седан,легковой,
ГАЗ,3110,седан,седан,легковой,
ГАЗ,31105,седан,седан,легковой,
ГАЗ,3111,седан,седан,легковой,
ГАЗ,3115,седан,седан,легковой,
ГАЗ,3279,минивэн,минивэн,легковой,
ГАЗ,67,внедорожник,внедорожник,внедорожник,
ГАЗ,69,внедорожник,внедорожник,внедорожник,
ГАЗ,Volga Siber,седан,седан,легковой,
ГАЗ,Баргузин,минивэн,минивэн,легковой,
ГАЗ,ЗИМ,седан,седан,легковой,
ГАЗ,Партизан,внедорожник,внедорожник,внедорожник,
ГАЗ,Победа,седан,седан,легковой,
ГАЗ,Тигр,внедорожник,внедорожник,внедорожник,
ГАЗ,Чайка,кабриолет,кабриолет,легковой,
Донинвест,Kondor,седан,седан,легковой,
ЗАЗ,1103,хэтчбек,хэтчбэк,легковой,
ЗАЗ,1105,универсал,универсал,легковой,
ЗАЗ,Chance,седан,седан,легковой,
ЗАЗ,Sens,седан,седан,легковой,
ЗАЗ,Vida,седан,седан,легковой,
ЗИЛ,111,седан,седан,легковой,
ЗИЛ,114,седан,седан,легковой,
ИЖ,2125,хэтчбек,хэтчбэк,легковой,
ИЖ,2126,хэтчбек,хэтчбэк,легковой,
ИЖ,21261 Фабула,универсал,универсал,легковой,
ИЖ,2715,пикап,внедорожник,легковой,
ИЖ,2717,пикап,внедорожник,легковой,
ИЖ,412,седан,седан,легковой,
Москвич,2137,универсал,универсал,легковой,
Москвич,2140,седан,седан,легковой,
Москвич,2141,хэтчбек,хэтчбэк,легковой,
Москвич,2335,пикап,внедорожник,легковой,
Москвич,401,седан,седан,легковой,
Москвич,402,седан,седан,легковой,
Москвич,403,седан,седан,легковой,
Москвич,407,седан,седан,легковой,
Москвич,408,седан,седан,легковой,
Москвич,410,седан,седан,легковой,
Москвич,412,седан,седан,легковой,
Москвич,Иван Калита,седан,седан,легковой,
Москвич,Князь Владимир,седан,седан,легковой,
Москвич,Святогор,хэтчбек,хэтчбэк,легковой,
Москвич,Юрий Долгорукий,хэтчбек,хэтчбэк,легковой,
СеАЗ,Ока,хэтчбек,хэтчбэк,легковой,
ТагАЗ,C 190 (Jac Rein),внедорожник,внедорожник,внедорожник,
ТагАЗ,C-10,седан,седан,легковой,
ТагАЗ,C30,седан,седан,легковой,
ТагАЗ,ROAD PARTNER,внедорожник,внедорожник,внедорожник,
ТагАЗ,Tager,внедорожник,внедорожник,внедорожник,
ТагАЗ,Vega  (C100),седан,седан,легковой,
ТагАЗ,Vortex Corda,седан,седан,легковой,
ТагАЗ,Vortex Estina,седан,седан,легковой,
ТагАЗ,Vortex Tingo,внедорожник,внедорожник,внедорожник,
УАЗ,2360 (Cargo),пикап,внедорожник,внедорожник,
УАЗ,2363 (Pickup),пикап,внедорожник,внедорожник,
УАЗ,3151,внедорожник,внедорожник,внедорожник,
УАЗ,3153,внедорожник,внедорожник,внедорожник,
УАЗ,3160,внедорожник,внедорожник,внедорожник,
УАЗ,3162 (Simbir),внедорожник,внедорожник,внедорожник,
УАЗ,3163 (Patriot),внедорожник,внедорожник,внедорожник,
УАЗ,3164,внедорожник,внедорожник,внедорожник,
УАЗ,469,внедорожник,внедорожник,внедорожник,
УАЗ,Hunter,внедорожник,внедорожник,внедорожник,
BAW,Fenix 33462,бортовой,бортовой,микроавтобус,
BAW,Tonik,бортовой,бортовой,микроавтобус,
BMC,Levend,бортовой,бортовой,микроавтобус,
BMC,Megastar,бортовой,бортовой,микроавтобус,
Citroen,Jumper,микроавтобус,микроавтобус,микроавтобус,
Citroen,Jumpy,фургон,микроавтобус,микроавтобус,
DAF,400-серия,фургон цельнометаллический,микроавтобус,микроавтобус,
Daewoo,Istana,фургон,микроавтобус,микроавтобус,
Daewoo,Lublin,фургон,микроавтобус,микроавтобус,
Daihatsu,Hijet,микроавтобус,микроавтобус,микроавтобус,
Dodge,Sprinter,фургон,микроавтобус,микроавтобус,
FAW,1011,борт-тент,борт-тент,микроавтобус,
FAW,1020,бортовой,бортовой,микроавтобус,
FAW,1031,фургон,микроавтобус,микроавтобус,
FAW,1041,борт-тент,борт-тент,микроавтобус,
FAW,6371,фургон цельнометаллический,микроавтобус,микроавтобус,
Fiat,Doblo,фургон,микроавтобус,микроавтобус,
Fiat,Ducato,фургон цельнометаллический,микроавтобус,микроавтобус,
Fiat,Scudo,грузопассажирский,микроавтобус,микроавтобус,
Ford,Econoline,фургон,микроавтобус,микроавтобус,
Ford,Transit,фургон,микроавтобус,микроавтобус,
Ford,Transit Connect,фургон,микроавтобус,микроавтобус,
Hyundai,H100,микроавтобус,микроавтобус,микроавтобус,
Hyundai,Porter,борт-тент,борт-тент,микроавтобус,
Hyundai,Starex,микроавтобус,микроавтобус,микроавтобус,
Isuzu,NLR85,фургон,микроавтобус,микроавтобус,
Iveco,Daily,фургон цельнометаллический,микроавтобус,микроавтобус,
JAC,HFC 1040,бортовой,бортовой,микроавтобус,
Kia,K2700,бортовой,бортовой,микроавтобус,
Kia,K3000,бортовой,бортовой,микроавтобус,
Kia,K3600,бортовой,бортовой,микроавтобус,
Kia,Pregio,фургон,микроавтобус,микроавтобус,
LDV,Maxus,фургон,микроавтобус,микроавтобус,
Mercedes,Citan,фургон цельнометаллический,микроавтобус,микроавтобус,
Mercedes,Sprinter,фургон,микроавтобус,микроавтобус,
Mercedes,T1,фургон,микроавтобус,микроавтобус,
Mercedes,Vario,фургон цельнометаллический,микроавтобус,микроавтобус,
Nissan,Atlas,бортовой,бортовой,микроавтобус,
Nissan,Cabstar,бортовой,бортовой,микроавтобус,
Nissan,Clipper,фургон,микроавтобус,микроавтобус,
Nissan,Interstar,фургон,микроавтобус,микроавтобус,
Nissan,Primastar,фургон,микроавтобус,микроавтобус,
Nissan,Trade,грузопассажирский,микроавтобус,микроавтобус,
Nissan,Vanette,фургон,микроавтобус,микроавтобус,
Opel,Movano,грузопассажирский,микроавтобус,микроавтобус,
Peugeot,Boxer,фургон,микроавтобус,микроавтобус,
Peugeot,Expert,фургон,микроавтобус,микроавтобус,
Peugeot,J9,фургон,микроавтобус,микроавтобус,
Peugeot,Partner,фургон,микроавтобус,микроавтобус,
Renault,Dokker,фургон,микроавтобус,микроавтобус,
Renault,Kangoo,фургон,микроавтобус,микроавтобус,
Renault,Master,фургон,микроавтобус,микроавтобус,
Renault,Trafic,фургон,микроавтобус,микроавтобус,
Skoda,Praktik,фургон,микроавтобус,микроавтобус,
Sokon,Sokon,бортовой,бортовой,микроавтобус,
Ssang Yong,Istana,микроавтобус,микроавтобус,микроавтобус,
Volkswagen,Caddy,фургон,микроавтобус,микроавтобус,
Volkswagen,Crafter,фургон,микроавтобус,микроавтобус,
Volkswagen,LT,бортовой,бортовой,микроавтобус,
Volkswagen,Transporter,фургон цельнометаллический,микроавтобус,микроавтобус,
YUEJIN,NJ1041,борт-тент,борт-тент,микроавтобус,
Yuejin,NJ1020,борт-тент,борт-тент,микроавтобус,
ВАЗ,Largus,фургон,микроавтобус,микроавтобус,
ВИС,2345,фургон,легковой,легковой,
ГАЗ,Maxus,грузопассажирский,микроавтобус,микроавтобус,
ГАЗ,Газель,микроавтобус,микроавтобус,микроавтобус,
ГАЗ,Соболь,грузопассажирский,микроавтобус,микроавтобус,
ИЖ,2717,фургон цельнометаллический,микроавтобус,микроавтобус,
ТагАЗ,Master,борт-тент,борт-тент,микроавтобус,
УАЗ,2206,микроавтобус,микроавтобус,микроавтобус,
УАЗ,3303,бортовой,бортовой,микроавтобус,
УАЗ,3309,грузопассажирский,микроавтобус,микроавтобус,
УАЗ,3909,грузопассажирский,микроавтобус,микроавтобус,
УАЗ,Профи,борт-тент,борт-тент,внедорожник,1